time,FLOW
2014-01-01,0
2014-01-02,0
2014-01-03,0.0158
2014-01-04,0.0111
2014-01-05,0.3592
2014-01-06,-0.1829
2014-01-07,0.2045
2014-01-08,0.1431
2014-01-09,0.1002
2014-01-10,0.0758
2014-01-11,0.2109
2014-01-12,0.2641
2014-01-13,0.1848
2014-01-14,0.1412
2014-01-15,0.1047
2014-01-16,0.0733
2014-01-17,0.0513
2014-01-18,0.0359
2014-01-19,0.0251
2014-01-20,0.0176
2014-01-21,0.0123
2014-01-22,0.0244
2014-01-23,0.0171
2014-01-24,0.012
2014-01-25,0.0084
2014-01-26,0.0059
2014-01-27,0.0041
2014-01-28,0.0029
2014-01-29,0.0093
2014-01-30,0.0065
2014-01-31,0.0045
2014-02-01,0.0032
2014-02-02,0.0022
2014-02-03,0.2923
2014-02-04,0.2748
2014-02-05,0.2184
2014-02-06,0.1529
2014-02-07,0.107
2014-02-08,0.0749
2014-02-09,0.0524
2014-02-10,0.0367
2014-02-11,0.0257
2014-02-12,0.018
2014-02-13,0.2724
2014-02-14,0.31
2014-02-15,0.2182
2014-02-16,0.1528
2014-02-17,0.1069
2014-02-18,0.0749
2014-02-19,0.0524
2014-02-20,0.0724
2014-02-21,0.1611
2014-02-22,0.3084
2014-02-23,0.2159
2014-02-24,0.1511
2014-02-25,0.1058
2014-02-26,0.074
2014-02-27,0.0518
2014-02-28,0.0363
2014-03-01,0.0254
2014-03-02,0.0178
2014-03-03,0.1723
2014-03-04,0.1586
2014-03-05,0.111
2014-03-06,0.0777
2014-03-07,0.0672
2014-03-08,0.0471
2014-03-10,0.0379
2014-03-11,0.0265
2014-03-12,0.0186
2014-03-13,0.013
2014-03-14,0.0091
2014-03-15,0.0064
2014-03-16,0.0045
2014-03-17,0.0031
2014-03-18,0.1005
2014-03-19,0.0704
2014-03-20,0.0509
2014-03-21,0.0356
2014-03-22,0.0249
2014-03-23,0.0175
2014-03-24,0.0122
2014-03-25,0.0086
2014-03-26,0.006
2014-03-27,0.0554
2014-03-28,0.0388
2014-03-29,0.0271
2014-03-30,0.019
2014-03-31,0.1106
2014-04-01,0.0774
2014-04-02,0.0542
2014-04-03,0.038
2014-04-04,0.0266
2014-04-05,0.0186
2014-04-06,0.013
2014-04-07,0.0091
2014-04-08,0.1123
2014-04-09,0.1473
2014-04-10,0.1031
2014-04-11,0.0722
2014-04-12,0.0505
2014-04-13,0.0354
2014-04-14,0.0248
2014-04-15,0.0173
2014-04-16,0.1564
2014-04-17,0.111
2014-04-18,0.0777
2014-04-19,0.0544
2014-04-20,0.0381
2014-04-21,0.0267
2014-04-22,0.0187
2014-04-23,0.0131
2014-04-24,0.0091
2014-04-25,0.0064
2014-04-26,0.0045
2014-04-27,0.0252
2014-04-28,0.0177
2014-04-29,0.0124
2014-04-30,0.2533
2014-05-01,0.242
2014-05-02,0.1694
2014-05-03,0.1186
2014-05-04,0.546
2014-05-05,0.0581
2014-05-06,0.0407
2014-05-07,0.0285
2014-05-08,0.0199
2014-05-09,0.0139
2014-05-10,0.357
2014-05-11,0.0226
2014-05-12,0.0158
2014-05-13,0.0111
2014-05-14,0.0078
2014-05-15,0.0054
2014-05-16,0.0038
2014-05-17,0.3593
2014-05-18,0.2515
2014-05-19,0.176
2014-05-20,0.1232
2014-05-21,0.0863
2014-05-22,0.0604
2014-05-23,0.0423
2014-05-24,0.0296
2014-05-25,0.0207
2014-05-26,0.0145
2014-05-27,0.0101
2014-05-28,0.3543
2014-05-29,0.005
2014-05-30,0.235
2014-05-31,0.0216
2014-06-01,0.3623
2014-06-02,0.0106
2014-06-03,0.0074
2014-06-04,0.0052
2014-06-05,0.0036
2014-06-06,0.1366
2014-06-07,0.0956
2014-06-08,0.4142
2014-06-09,0.0469
2014-06-10,0.0535
2014-06-11,0.0375
2014-06-12,-0.321
2014-06-13,0.1156
2014-06-14,0.1136
2014-06-15,0.0795
2014-06-16,0.4029
2014-06-17,0.039
2014-06-18,0.0273
2014-06-19,0.0191
2014-06-20,0.3606
2014-06-21,0.0094
2014-06-22,0.0961
2014-06-23,0.4145
2014-06-24,0.0866
2014-06-25,0.0606
2014-06-26,0.3897
2014-06-27,0.0297
2014-06-28,0.0208
2014-06-29,0.0146
2014-06-30,0.3574
2014-07-01,0.0071
2014-07-02,0.005
2014-07-03,0.0035
2014-07-04,0.0024
2014-07-05,0.1187
2014-07-06,0.3146
2014-07-07,0.0582
2014-07-08,0.0407
2014-07-09,0.0285
2014-07-10,0.02
2014-07-11,0.4173
2014-07-12,0.0668
2014-07-13,0.0467
2014-07-14,0.0327
2014-07-15,0.0229
2014-07-16,0.3664
2014-07-17,0.0378
2014-07-18,0.0265
2014-07-19,0.0185
2014-07-20,0.3602
2014-07-21,0.0091
2014-07-22,0.0064
2014-07-23,0.0044
2014-07-24,0.0031
2014-07-25,0.0022
2014-07-26,0.4745
2014-07-27,0.2472
2014-07-28,0.173
2014-07-29,0.1211
2014-07-30,0.0848
2014-07-31,0.0594
2014-08-01,0.3888
2014-08-02,0.0291
2014-08-03,0.082
2014-08-04,0.4046
2014-08-05,0.0402
2014-08-06,0.0281
2014-08-07,0.0197
2014-08-08,0.0138
2014-08-09,0.0096
2014-08-10,0.2911
2014-08-11,0.2989
2014-08-12,0.2626
2014-08-13,0.3154
2014-08-14,0.2397
2014-08-15,0.1678
2014-08-16,0.1175
2014-08-17,0.0822
2014-08-18,0.0576
2014-08-19,0.146439016
2014-08-20,0.102507311
2014-08-21,0.071755118
2014-08-22,0.050228583
2014-08-23,0.035160008
2014-08-24,0.359106517
2014-08-25,0.251374562
2014-08-26,0.175962193
2014-08-27,0.123173535
2014-08-28,0.086221475
2014-08-29,0.060355032
2014-08-30,0.042248523
2014-08-31,0.029573966
2014-09-01,0.020701776
2014-09-02,0.014491243
2014-09-03,0.087142837
2014-09-04,0.060999986
2014-09-05,0.04269999
2014-09-06,0.029889993
2014-09-07,0.020922995
2014-09-08,0.014646097
2014-09-09,0.010252268
2014-09-10,0.007176587
2014-09-11,0.005023611
2014-09-12,0.003516528
2014-09-13,0.071052801
2014-09-14,0.04973696
2014-09-15,0.034815872
2014-09-16,0.024371111
2014-09-17,0.017059777
2014-09-18,0.011941844
2014-09-19,0.008359291
2014-09-20,0.017838248
2014-09-21,0.012486774
2014-09-22,0.008740742
2014-09-23,0.006118519
2014-09-24,0.004282963
2014-09-25,0.002998074
2014-09-26,0.002098652
2014-09-27,0.001469056
2014-09-28,0.001028339
2014-09-29,0.000719838
2014-09-30,0.000503886
2014-10-01,0.00035272
2014-10-02,0.000246904
2014-10-03,0.000172833
2014-10-04,0.042653964
2014-10-05,0.029857775
2014-10-06,0.020900442
2014-10-07,0.058932416
2014-10-08,0.14701305
2014-10-09,0.105517583
2014-10-10,0.073862308
2014-10-11,0.108681521
2014-10-12,0.096217557
2014-10-13,0.19668043
2014-10-14,0.177874218
2014-10-15,0.279786258
2014-10-16,0.195850381
2014-10-17,0.137095266
2014-10-18,0.095966687
2014-10-19,0.067176681
2014-10-20,0.047023676
2014-10-21,0.032916573
2014-10-22,0.023041601
2014-10-23,0.016129121
2014-10-24,0.011290385
2014-10-25,0.007903269
2014-10-26,0.005532289
2014-10-27,0.003872602
2014-10-28,0.002710821
2014-10-29,0.001897575
2014-10-30,0.001328302
2014-10-31,0.000929812
2014-11-01,0.085477316
2014-11-02,0.059834121
2014-11-03,0.041883885
2014-11-04,0.029318719
2014-11-05,0.020523104
2014-11-06,0.017138018
2014-11-07,0.011996612
2014-11-08,0.008397629
2014-11-09,0.00587834
2014-11-10,0.004114838
2014-11-11,0.002880387
2014-11-12,0.002016271
2014-11-13,0.001411389
2014-11-14,0.000987973
2014-11-15,0.000691581
2014-11-16,0.000484107
2014-11-17,0.033281465
2014-11-18,0.15140046
2014-11-19,0.105980322
2014-11-20,0.074186225
2014-11-21,0.051930358
2014-11-22,0.03635125
2014-11-23,0.025445875
2014-11-24,0.183466174
2014-11-25,0.144115283
2014-11-26,0.284608823
2014-11-27,0.298144579
2014-11-28,0.208701205
2014-11-29,0.146090844
2014-11-30,0.102263591
2014-12-01,0.071584513
2014-12-02,0.176785551
2014-12-03,0.132025927
2014-12-04,0.092418149
2014-12-05,0.096391368
2014-12-06,0.068025694
2014-12-07,0.06543118
2014-12-08,0.045801826
2014-12-09,0.035730944
2014-12-10,0.02501166
2014-12-11,0.017508162
2014-12-12,0.012255714
2014-12-13,0.008579
2014-12-14,0.0060053
2014-12-15,0.00420371
2014-12-16,0.002942597
2014-12-17,0.003644172
2014-12-18,0.00255092
2014-12-19,0.001785644
2014-12-20,0.001249951
2014-12-21,0.000874966
2014-12-22,0.000612476
2014-12-23,0.052106972
2014-12-24,0.169049186
2014-12-25,0.147812902
2014-12-26,0.103469032
2014-12-27,0.072428322
2014-12-28,0.050699825
2014-12-29,0.052085556
2014-12-30,0.073505028
2014-12-31,0.06414345
2015-01-01,0.044900415
2015-01-02,0.031430291
2015-01-03,0.041731833
2015-01-04,0.058769575
2015-01-05,0.041296341
2015-01-06,0.028907439
2015-01-07,0.020235207
2015-01-08,0.014164645
2015-01-09,0.009915252
2015-01-10,0.006940676
2015-01-11,0.004858473
2015-01-12,0.042025408
2015-01-13,0.058975078
2015-01-14,0.049952693
2015-01-15,0.034966885
2015-01-16,0.02447682
2015-01-17,0.017133774
2015-01-18,0.011993642
2015-01-19,0.008395549
2015-01-20,0.005876884
2015-01-21,0.004113819
2015-01-22,0.002879673
2015-01-23,0.002015771
2015-01-24,0.097849071
2015-01-25,0.074326989
2015-01-26,0.052028892
2015-01-27,0.040455074
2015-01-28,0.028318552
2015-01-29,0.019822986
2015-01-30,0.01387609
2015-01-31,0.009713263
2015-02-01,0.006799284
2015-02-02,0.017643078
2015-02-03,0.016306517
2015-02-04,0.011414562
2015-02-05,0.007990194
2015-02-06,0.005593135
2015-02-07,0.003915195
2015-02-08,0.002740636
2015-02-09,0.001918445
2015-02-10,0.004533172
2015-02-11,0.00317322
2015-02-12,0.002221254
2015-02-13,0.001554878
2015-02-14,0.001088415
2015-02-15,0.003774706
2015-02-16,0.002642294
2015-02-17,0.194207807
2015-02-18,0.150118749
2015-02-19,0.105083124
2015-02-20,0.073558187
2015-02-21,0.051490731
2015-02-22,0.239086657
2015-02-23,0.16736066
2015-02-24,0.117152462
2015-02-25,0.082006723
2015-02-26,0.101588845
2015-02-27,0.071112192
2015-02-28,0.049778534
2015-03-01,0.034844974
2015-03-02,0.024391482
2015-03-03,0.017074037
2015-03-04,0.063261118
2015-03-05,0.203840886
2015-03-06,0.349195565
2015-03-07,0.244436895
2015-03-08,0.363256785
2015-03-09,0.471616038
2015-03-10,0.331446508
2015-03-11,0.232012555
2015-03-12,0.162408789
2015-03-13,0.113686152
2015-03-14,0.126350573
2015-03-15,0.103550214
2015-03-16,0.07248515
2015-03-17,0.050739605
2015-03-18,0.035517724
2015-03-19,0.024862406
2015-03-20,0.128793152
2015-03-21,0.090155206
2015-03-22,0.063108644
2015-03-23,0.044176051
2015-03-24,0.030923236
2015-03-25,0.021646265
2015-03-26,0.015152386
2015-03-27,0.213288139
2015-03-28,0.149301697
2015-03-29,0.104511188
2015-03-30,0.073157832
2015-03-31,0.051210482
2015-04-01,0.035847338
2015-04-02,0.025093136
2015-04-03,0.017565195
2015-04-04,0.012295637
2015-04-05,0.008606946
2015-04-06,0.006024862
2015-04-07,0.030603006
2015-04-08,0.021422104
2015-04-09,0.149709822
2015-04-10,0.19071007
2015-04-11,0.133497049
2015-04-12,0.093447934
2015-04-13,0.065413554
2015-04-14,0.049846817
2015-04-15,0.180209795
2015-04-16,0.138915607
2015-04-17,0.097240925
2015-04-18,0.068068647
2015-04-19,0.047648053
2015-04-20,0.367249764
2015-04-21,0.278356085
2015-04-22,0.194849259
2015-04-23,0.136394482
2015-04-24,0.095476137
2015-04-25,0.066833296
2015-04-26,0.110862792
2015-04-27,0.10217084
2015-04-28,0.071519588
2015-04-29,0.050063712
2015-04-30,0.035044598
2015-05-01,0.072749969
2015-05-02,0.050924978
2015-05-03,0.035647485
2015-05-04,0.024953239
2015-05-05,0.017467267
2015-05-06,0.012227087
2015-05-07,0.100457232
2015-05-08,0.070320062
2015-05-09,0.049224044
2015-05-10,0.034456831
2015-05-11,0.024119781
2015-05-12,0.016883847
2015-05-13,0.011818693
2015-05-14,0.008273085
2015-05-15,0.00579116
2015-05-16,0.004053812
2015-05-17,0.002837668
2015-05-18,0.001986368
2015-05-19,0.001390457
2015-05-20,0.00097332
2015-05-21,0.000681324
2015-05-22,0.028474033
2015-05-23,0.019931823
2015-05-24,0.013952276
2015-05-25,0.009766593
2015-05-26,0.006836615
2015-05-27,0.004785631
2015-05-28,0.003349941
2015-05-29,0.002344959
2015-05-30,0.001641471
2015-05-31,0.00114903
2015-06-01,0.109176374
2015-06-02,0.266292389
2015-06-03,0.833512311
2015-06-04,0.636267646
2015-06-05,0.445387352
2015-06-06,0.311771146
2015-06-07,0.218239802
2015-06-08,0.152767862
2015-06-09,0.195668862
2015-06-10,0.136968203
2015-06-11,0.095877742
2015-06-12,0.06711442
2015-06-13,0.046980094
2015-06-14,0.032886066
2015-06-15,0.023020246
2015-06-16,0.016114172
2015-06-17,0.011279921
2015-06-18,0.295567032
2015-06-19,0.226601784
2015-06-20,0.158621249
2015-06-21,0.111034874
2015-06-22,0.077724412
2015-06-23,0.054407088
2015-06-24,0.038084962
2015-06-25,0.026659473
2015-06-26,0.049579293
2015-06-27,0.189139699
2015-06-28,0.132397789
2015-06-29,0.092678452
2015-06-30,0.064874917
2015-07-01,0.045412442
2015-07-02,0.031788709
2015-07-03,0.022252096
2015-07-04,0.029795913
2015-07-05,0.020857139
2015-07-06,0.061773146
2015-07-07,0.286303885
2015-07-08,0.200412719
2015-07-09,0.140288904
2015-07-10,0.098202232
2015-07-11,0.068741563
2015-07-12,0.097263839
2015-07-13,0.380045673
2015-07-14,0.266031971
2015-07-15,0.18622238
2015-07-16,0.130355666
2015-07-17,0.091248966
2015-07-18,0.063874276
2015-07-19,0.044711993
2015-07-20,0.031298395
2015-07-21,0.021908877
2015-07-22,0.015336214
2015-07-23,0.01073535
2015-07-24,0.007514745
2015-07-25,0.005260321
2015-07-26,0.003682225
2015-07-27,0.002577557
2015-07-28,0.00180429
2015-07-29,0.001263003
2015-07-30,0.000884102
2015-07-31,0.000618872
2015-08-01,0.00043321
2015-08-02,0.000303247
2015-08-03,0.000212273
2015-08-04,0.000148591
2015-08-05,0.000104014
2015-08-06,7.28E-05
2015-08-07,0.01993107
2015-08-08,0.013951749
2015-08-09,0.009766224
2015-08-10,0.006836357
2015-08-11,0.311538657
2015-08-12,0.21807706
2015-08-13,0.152653942
2015-08-14,0.106857759
2015-08-15,0.074800431
2015-08-16,0.052360302
2015-08-17,0.076333374
2015-08-18,0.053433362
2015-08-19,0.037403353
2015-08-20,0.132023047
2015-08-21,0.092416133
2015-08-22,0.064691293
2015-08-23,0.045283905
2015-08-24,0.031698734
2015-08-25,0.022189114
2015-08-26,0.015532379
2015-08-27,0.010872666
2015-08-28,0.007610866
2015-08-29,0.005327606
2015-08-30,0.003729324
2015-08-31,0.002610527
2015-09-01,0.001827369
2015-09-02,0.001279158
2015-09-03,0.000895411
2015-09-04,0.000626788
2015-09-05,0.107594532
2015-09-06,0.075316172
2015-09-07,0.052721321
2015-09-08,0.036904924
2015-09-09,0.025833447
2015-09-10,0.092336454
2015-09-11,0.064635518
2015-09-12,0.045244862
2015-09-13,0.031671404
2015-09-14,0.022169983
2015-09-15,0.015518988
2015-09-16,0.010863291
2015-09-17,0.007604304
2015-09-18,0.005323013
2015-09-19,0.003726109
2015-09-20,0.002608276
2015-09-21,0.091235731
2015-09-22,0.260485939
2015-09-23,0.182340157
2015-09-24,0.12763811
2015-09-25,0.089346677
2015-09-26,0.223052467
2015-09-27,0.397954782
2015-09-28,0.634832236
2015-09-29,0.58704576
2015-09-30,0.616650782
2015-10-01,0.431655547
2015-10-02,0.389861323
2015-10-03,0.510780009
2015-10-04,0.498632812
2015-10-05,0.349042968
2015-10-06,0.244330078
2015-10-07,0.171031055
2015-10-08,0.119721738
2015-10-09,0.083805217
2015-10-10,0.179784773
2015-10-11,0.12742573
2015-10-12,0.089198011
2015-10-13,0.062438608
2015-10-14,0.043707025
2015-10-15,0.030594918
2015-10-16,0.021416442
2015-10-17,0.01499151
2015-10-18,0.010494057
2015-10-19,0.00734584
2015-10-20,0.005142088
2015-10-21,0.003599461
2015-10-22,0.002519623
2015-10-23,0.001763736
2015-10-24,0.001234615
2015-10-25,0.000864231
2015-10-26,0.000604961
2015-10-27,0.0259424
2015-10-28,0.483001881
2015-10-29,0.405886039
2015-10-30,0.284120227
2015-10-31,0.198884159
2015-11-01,0.139218911
2015-11-02,0.097453238
2015-11-03,0.068217267
2015-11-04,0.047752087
2015-11-05,0.033426461
2015-11-06,0.023398522
2015-11-07,0.016378966
2015-11-08,0.020754524
2015-11-09,0.014528167
2015-11-10,0.238231039
2015-11-11,0.174643672
2015-11-12,0.12225057
2015-11-13,0.085575399
2015-11-14,0.059902779
2015-11-15,0.041931946
2015-11-16,0.029352362
2015-11-17,0.020546653
2015-11-18,0.014382657
2015-11-19,0.391953488
2015-11-20,0.551023691
2015-11-21,0.385716584
2015-11-22,0.270001609
2015-11-23,0.189001126
2015-11-24,0.132300788
2015-11-25,0.092610552
2015-11-26,0.064827386
2015-11-27,0.04537917
2015-11-28,0.031765419
2015-11-29,0.022235793
2015-11-30,0.077893351
2015-12-01,0.210193749
2015-12-02,0.306114443
2015-12-03,0.272764138
2015-12-04,0.190934897
2015-12-05,0.133654428
2015-12-06,0.093558099
2015-12-07,0.06549067
2015-12-08,0.045843469
2015-12-09,0.032090428
2015-12-10,0.0224633
2015-12-11,0.01572431
2015-12-12,0.011007017
2015-12-13,0.007704912
2015-12-14,0.005393438
2015-12-15,0.00498769
2015-12-16,0.003491383
2015-12-17,0.028443443
2015-12-18,0.141999022
2015-12-19,0.099399316
2015-12-20,0.069579521
2015-12-21,0.048705665
2015-12-22,0.073725917
2015-12-23,0.131609878
2015-12-24,0.193567539
2015-12-25,0.17340943
2015-12-26,0.142352573
2015-12-27,0.099646801
2015-12-28,0.069752761
2015-12-29,0.154110797
2015-12-30,0.137277211
2015-12-31,0.107680506
2016-01-01,0.075376354
2016-01-02,0.052763448
2016-01-03,0.036934413
2016-01-04,0.025854089
2016-01-05,0.018097863
2016-01-06,0.012668504
2016-01-07,0.008867953
2016-01-08,0.006207567
2016-01-09,0.026433121
2016-01-10,0.165473198
2016-01-11,0.115831239
2016-01-12,0.081081867
2016-01-13,0.056757307
2016-01-14,0.039730115
2016-01-15,0.02781108
2016-01-16,0.107571761
2016-01-17,0.075300232
2016-01-18,0.054554864
2016-01-19,0.038188405
2016-01-20,0.026731883
2016-01-21,0.018712318
2016-01-22,0.024151691
2016-01-23,0.315539191
2016-01-24,0.220877433
2016-01-25,0.154614203
2016-01-26,0.108229942
2016-01-27,0.07576096
2016-01-28,0.053032672
2016-01-29,0.03712287
2016-01-30,0.025986009
2016-01-31,0.018190206
2016-02-01,0.012733144
2016-02-02,0.138226962
2016-02-03,0.230620933
2016-02-04,0.371961389
2016-02-05,0.260372973
2016-02-06,0.182261081
2016-02-07,0.127582757
2016-02-08,0.08930793
2016-02-09,0.062515551
2016-02-10,0.043760886
2016-02-11,0.03063262
2016-02-12,0.021442834
2016-02-13,0.015009984
2016-02-14,0.010506989
2016-02-15,0.101554154
2016-02-16,0.422546437
2016-02-17,0.299702347
2016-02-18,0.209791643
2016-02-19,0.14685415
2016-02-20,0.102797905
2016-02-21,0.167806598
2016-02-22,0.412813245
2016-02-23,0.386074827
2016-02-24,0.349071823
2016-02-25,0.308194026
2016-02-26,0.215735818
2016-02-27,0.151015073
2016-02-28,0.105710551
2016-02-29,0.073997386
2016-03-01,0.05179817
2016-03-02,0.064550645
2016-03-03,0.045185451
2016-03-04,0.031629816
2016-03-05,0.022140871
2016-03-06,0.018082824
2016-03-07,0.012657977
2016-03-08,0.008860584
2016-03-09,0.006202409
2016-03-10,0.004341686
2016-03-11,0.00303918
2016-03-12,0.002127426
2016-03-13,0.001489198
2016-03-14,0.092253129
2016-03-15,0.181741914
2016-03-16,0.12721934
2016-03-17,0.089053538
2016-03-18,0.062337477
2016-03-19,0.043636234
2016-03-20,0.080595669
2016-03-21,0.056416968
2016-03-22,0.039491878
2016-03-23,0.027644314
2016-03-24,0.01935102
2016-03-25,0.013545714
2016-03-26,0.009482
2016-03-27,0.0066374
2016-03-28,0.069187915
2016-03-29,0.074719936
2016-03-30,0.052303955
2016-03-31,0.036612769
2016-04-01,0.027219234
2016-04-02,0.019053464
2016-04-03,0.013337425
2016-04-04,0.009336197
2016-04-05,0.006535338
2016-04-06,0.004574737
2016-04-07,0.00452741
2016-04-08,0.003169187
2016-04-09,0.002218431
2016-04-10,0.001552902
2016-04-11,0.001087031
2016-04-12,0.000760922
2016-04-13,0.000532645
2016-04-14,0.000372852
2016-04-15,0.000260996
2016-04-16,0.000182697
2016-04-17,0.000127888
2016-04-18,8.95E-05
2016-04-19,6.27E-05
2016-04-20,4.39E-05
2016-04-21,3.07E-05
2016-04-22,2.15E-05
2016-04-23,0.028296716
2016-04-24,0.019807701
2016-04-25,0.013865391
2016-04-26,0.009705774
2016-04-27,0.006794042
2016-04-28,0.029670841
2016-04-29,0.050922169
2016-04-30,0.035645518
2016-05-01,0.128142586
2016-05-02,0.168040891
2016-05-03,0.132814209
2016-05-04,0.092969946
2016-05-05,0.07189645
2016-05-06,0.119595531
2016-05-07,0.083716872
2016-05-08,0.05860181
2016-05-09,0.041021267
2016-05-10,0.028714887
2016-05-11,0.030670941
2016-05-12,0.265104581
2016-05-13,0.347941262
2016-05-14,0.243558883
2016-05-15,0.170491218
2016-05-16,0.119343853
2016-05-17,0.083540697
2016-05-18,0.071343493
2016-05-19,0.049940445
2016-05-20,0.034958312
2016-05-21,0.138339506
2016-05-22,0.096837654
2016-05-23,0.067786358
2016-05-24,0.047450451
2016-05-25,0.033215315
2016-05-26,0.023250721
2016-05-27,0.016275505
2016-05-28,0.011392853
2016-05-29,0.007974997
2016-05-30,0.060554847
2016-05-31,0.042388393
2016-06-01,0.029671875
2016-06-02,0.020770313
2016-06-03,0.014539219
2016-06-04,0.010177453
2016-06-05,0.084083701
2016-06-06,0.058858591
2016-06-07,0.041201014
2016-06-08,0.02884071
2016-06-09,0.020188497
2016-06-10,0.014131948
2016-06-11,0.009892363
2016-06-12,0.006924654
2016-06-13,0.004847258
2016-06-14,0.003393081
2016-06-15,0.002375156
2016-06-16,0.362631191
2016-06-17,0.345272389
2016-06-18,0.241690673
2016-06-19,0.169183471
2016-06-20,0.11842843
2016-06-21,0.082899901
2016-06-22,0.05802993
2016-06-23,0.040620951
2016-06-24,0.375748275
2016-06-25,0.344996015
2016-06-26,0.24149721
2016-06-27,0.169048047
2016-06-28,0.118333633
2016-06-29,0.082833543
2016-06-30,0.05798348
2016-07-01,0.040588436
2016-07-02,0.028411905
2016-07-03,0.196351134
2016-07-04,0.163528613
2016-07-05,0.179890168
2016-07-06,0.125923118
2016-07-07,0.088146182
2016-07-08,0.061702328
2016-07-09,0.043191629
2016-07-10,0.030234141
2016-07-11,0.021163898
2016-07-12,0.014814729
2016-07-13,0.023773637
2016-07-14,0.016641546
2016-07-15,0.011649082
2016-07-16,0.008154357
2016-07-17,0.00570805
2016-07-18,0.003995635
2016-07-19,0.002796945
2016-07-20,0.001957861
2016-07-21,0.001370503
2016-07-22,0.000959352
2016-07-23,0.000671546
2016-07-24,0.000470082
2016-07-25,0.000329058
2016-07-26,0.000621075
2016-07-27,0.000434753
2016-07-28,0.11861892
2016-07-29,0.295228574
2016-07-30,0.242916947
2016-07-31,0.192899501
2016-08-01,0.263505345
2016-08-02,0.184453742
2016-08-03,0.143441276
2016-08-04,0.157947087
2016-08-05,0.170465739
2016-08-06,0.119326017
2016-08-07,0.083528212
2016-08-08,0.077221582
2016-08-09,0.070860662
2016-08-10,0.067747575
2016-08-11,0.047423302
2016-08-12,0.033196312
2016-08-13,0.023237418
2016-08-14,0.016266193
2016-08-15,0.011386335
2016-08-16,0.196016904
2016-08-17,0.137211833
2016-08-18,0.096048283
2016-08-19,0.067233798
2016-08-20,0.047063659
2016-08-21,0.043683723
2016-08-22,0.035686705
2016-08-23,0.024980693
2016-08-24,0.017486485
2016-08-25,0.01224054
2016-08-26,0.008568378
2016-08-27,0.005997864
2016-08-28,0.004198505
2016-08-29,0.002938954
2016-08-30,0.002057268
2016-08-31,0.001440087
2016-09-01,0.14523287
2016-09-02,0.151924464
2016-09-03,0.106347125
2016-09-04,0.074442988
2016-09-05,0.052110091
2016-09-06,0.036477064
2016-09-07,0.025533945
2016-09-08,0.017873761
2016-09-09,0.012511633
2016-09-10,0.008758143
2016-09-11,0.0061307
2016-09-12,0.00429149
2016-09-13,0.003004043
2016-09-14,0.00210283
2016-09-15,0.001471981
2016-09-16,0.001030387
2016-09-17,0.000721271
2016-09-18,0.00050489
2016-09-19,0.153777517
2016-09-20,0.107644262
2016-09-21,0.075350983
2016-09-22,0.052745688
2016-09-23,0.036921982
2016-09-24,0.025845387
2016-09-25,0.018091771
2016-09-26,0.01266424
2016-09-27,0.161020769
2016-09-28,0.182954992
2016-09-29,0.34718655
2016-09-30,0.373082668
2016-10-01,0.412491201
2016-10-02,0.288743841
2016-10-03,0.202120689
2016-10-04,0.141484482
2016-10-05,0.099039137
2016-10-06,0.069327396
2016-10-07,0.100428897
2016-10-08,0.844474721
2016-10-09,0.591132305
2016-10-10,0.413792613
2016-10-11,0.289654829
2016-10-12,0.202758381
2016-10-13,0.141930866
2016-10-14,0.099351606
2016-10-15,0.069546125
2016-10-16,0.048682287
2016-10-17,0.034077601
2016-10-18,0.023854321
2016-10-19,0.016698025
2016-10-20,0.011688617
2016-10-21,0.008182032
2016-10-22,0.02150097
2016-10-23,0.015050679
2016-10-24,0.010535475
2016-10-25,0.007374833
2016-10-26,0.005162383
2016-10-27,0.003613668
2016-10-28,0.002529568
2016-10-29,0.001770697
2016-10-30,0.001239488
2016-10-31,0.000867642
2016-11-01,0.000607349
2016-11-02,0.000425144
2016-11-03,0.000297601
2016-11-04,0.000208321
2016-11-05,0.000145825
2016-11-06,0.000102077
2016-11-07,7.15E-05
2016-11-08,5.00E-05
2016-11-09,3.50E-05
2016-11-10,2.45E-05
2016-11-11,1.72E-05
2016-11-12,1.20E-05
2016-11-13,8.41E-06
2016-11-14,5.88E-06
2016-11-15,4.12E-06
2016-11-16,2.88E-06
2016-11-17,2.02E-06
2016-11-18,1.41E-06
2016-11-19,9.89E-07
2016-11-20,6.92E-07
2016-11-21,4.85E-07
2016-11-22,3.39E-07
2016-11-23,2.37E-07
2016-11-24,1.66E-07
2016-11-25,1.16E-07
2016-11-26,8.14E-08
2016-11-27,5.70E-08
2016-11-28,3.99E-08
2016-11-29,0.016891582
2016-11-30,0.122839828
2016-12-01,0.15874657
2016-12-02,0.111122599
2016-12-03,0.077785819
2016-12-04,0.054450073
2016-12-05,0.082982015
2016-12-06,0.06302734
2016-12-07,0.354194832
2016-12-08,0.247936383
2016-12-09,0.173555468
2016-12-10,0.121488828
2016-12-11,0.085042179
2016-12-12,0.07679839
2016-12-13,0.053758873
2016-12-14,0.037631211
2016-12-15,0.026341848
2016-12-16,0.018439293
2016-12-17,0.012907505
2016-12-18,0.009035254
2016-12-19,0.011784887
2016-12-20,0.008249421
2016-12-21,0.005774594
2016-12-22,0.004042216
2016-12-23,0.002829551
2016-12-24,0.057613191
2016-12-25,0.071620553
2016-12-26,0.050134387
2016-12-27,0.035094071
2016-12-28,0.02456585
2016-12-29,0.060518602
2016-12-30,0.042363022
2016-12-31,0.029654115
2017-01-01,0.020757881
2017-01-02,0.027365698
2017-01-03,0.117916752
2017-01-04,0.08490631
2017-01-05,0.059434417
2017-01-06,0.041604092
2017-01-07,0.082051098
2017-01-08,0.063310245
2017-01-09,0.044317172
2017-01-10,0.03102202
2017-01-11,0.021715414
2017-01-12,0.064586057
2017-01-13,0.04521024
2017-01-14,0.042058678
2017-01-15,0.033618505
2017-01-16,0.031966634
2017-01-17,0.022376644
2017-01-18,0.037764862
2017-01-19,0.026435403
2017-01-20,0.028901438
2017-01-21,0.053492812
2017-01-22,0.099483753
2017-01-23,0.276933766
2017-01-24,0.388458845
2017-01-25,0.271921191
2017-01-26,0.190344834
2017-01-27,0.133241384
2017-01-28,0.093268969
2017-01-29,0.065288278
2017-01-30,0.054557131
2017-01-31,0.038189991
2017-02-01,0.026732994
2017-02-02,0.018713096
2017-02-03,0.013099167
2017-02-04,0.009169417
2017-02-05,0.006418592
2017-02-06,0.004493014
2017-02-07,0.00314511
2017-02-08,0.002201577
2017-02-09,0.027985649
2017-02-10,0.030661127
2017-02-11,0.021462789
2017-02-12,0.015023952
2017-02-13,0.010516767
2017-02-14,0.007361737
2017-02-15,0.005153216
2017-02-16,0.003607251
2017-02-17,0.002525076
2017-02-18,0.001767553
2017-02-19,0.001237287
2017-02-20,0.000866101
2017-02-21,0.000606271
2017-02-22,0.000424389
2017-02-23,0.024130157
2017-02-24,0.01689111
2017-02-25,0.011823777
2017-02-26,0.008276644
2017-02-27,0.005793651
2017-02-28,0.004055555
2017-03-01,0.015731632
2017-03-02,0.032460716
2017-03-03,0.022722501
2017-03-04,0.015905751
2017-03-05,0.011134026
2017-03-06,0.007793818
2017-03-07,0.005455673
2017-03-08,0.026266747
2017-03-09,0.018386723
2017-03-10,0.012870706
2017-03-11,0.009009494
2017-03-12,0.006306646
2017-03-13,0.004414652
2017-03-14,0.051194508
2017-03-15,0.052416379
2017-03-16,0.036691465
2017-03-17,0.025684026
2017-03-18,0.052219473
2017-03-19,0.036553631
2017-03-20,0.025587542
2017-03-21,0.017911279
2017-03-22,0.012537895
2017-03-23,0.008776527
2017-03-24,0.006143569
2017-03-25,0.004300498
2017-03-26,0.003010349
2017-03-27,0.002107244
2017-03-28,0.036799043
2017-03-29,0.02575933
2017-03-30,0.018031531
2017-03-31,0.105893709
2017-04-01,0.143759975
2017-04-02,0.100631982
2017-04-03,0.070442388
2017-04-04,0.157851278
2017-04-05,0.110495895
2017-04-06,0.103671945
2017-04-07,0.080883194
2017-04-08,0.056618236
2017-04-09,0.039632765
2017-04-10,0.027742936
2017-04-11,0.019420055
2017-04-12,0.013594038
2017-04-13,0.009515827
2017-04-14,0.006661079
2017-04-15,0.004662755
2017-04-16,0.131578387
2017-04-17,0.092104871
2017-04-18,0.06716706
2017-04-19,0.047016942
2017-04-20,0.032911859
2017-04-21,0.023038302
2017-04-22,0.016126811
2017-04-23,0.110249829
2017-04-24,0.369912072
2017-04-25,0.540323867
2017-04-26,0.378226707
2017-04-27,0.264758695
2017-04-28,0.185331086
2017-04-29,0.12973176
2017-04-30,0.090812232
2017-05-01,0.063568563
2017-05-02,0.048159139
2017-05-03,0.033711398
2017-05-04,0.023597978
2017-05-05,0.443879522
2017-05-06,0.591312888
2017-05-07,0.413919021
2017-05-08,0.289743315
2017-05-09,0.20282032
2017-05-10,0.187698189
2017-05-11,0.131388732
2017-05-12,0.091972112
2017-05-13,0.195723611
2017-05-14,0.137006528
2017-05-15,0.095904569
2017-05-16,0.067133199
2017-05-17,0.046993239
2017-05-18,0.032895267
2017-05-19,0.023026687
2017-05-20,0.016118681
2017-05-21,0.1955032
2017-05-22,0.217949897
2017-05-23,0.152564928
2017-05-24,0.341705336
2017-05-25,0.526884707
2017-05-26,0.368819295
2017-05-27,0.258173507
2017-05-28,0.180721455
2017-05-29,0.126505018
2017-05-30,0.088553513
2017-05-31,0.061987459
2017-06-01,0.043391221
2017-06-02,0.030373855
2017-06-03,0.021261698
2017-06-04,0.014883189
2017-06-05,0.082919284
2017-06-06,0.167783428
2017-06-07,0.1174484
2017-06-08,0.08221388
2017-06-09,0.057549716
2017-06-10,0.040284801
2017-06-11,0.028199361
2017-06-12,0.019739553
2017-06-13,0.013817687
2017-06-14,0.149187963
2017-06-15,0.104431574
2017-06-16,0.352581907
2017-06-17,0.273605946
2017-06-18,0.191524162
2017-06-19,0.134066913
2017-06-20,0.110907373
2017-06-21,0.077635161
2017-06-22,0.054344613
2017-06-23,0.038041229
2017-06-24,0.02662886
2017-06-25,0.018640202
2017-06-26,0.013048142
2017-06-27,0.009133699
2017-06-28,0.006393589
2017-06-29,0.004475513
2017-06-30,0.003132859
2017-07-01,0.002193001
2017-07-02,0.001535101
2017-07-03,0.001074571
2017-07-04,0.000752199
2017-07-05,0.048325712
2017-07-06,0.078805129
2017-07-07,0.058467113
2017-07-08,0.040926979
2017-07-09,0.028648885
2017-07-10,0.02005422
2017-07-11,0.014037954
2017-07-12,0.009826568
2017-07-13,0.006878597
2017-07-14,0.004815018
2017-07-15,0.003370513
2017-07-16,0.002359359
2017-07-17,0.001651551
2017-07-18,0.001156086
2017-07-19,0.00080926
2017-07-20,0.000566482
2017-07-21,0.000396537
2017-07-22,0.000277576
2017-07-23,0.000194303
2017-07-24,0.162174828
2017-07-25,0.129305152
2017-07-26,0.090513607
2017-07-27,0.063359525
2017-07-28,0.044351667
2017-07-29,0.059149945
2017-07-30,0.041404962
2017-07-31,0.028983473
2017-08-01,0.020288431
2017-08-02,0.014201902
2017-08-03,0.009941331
2017-08-04,0.006958932
2017-08-05,0.004871252
2017-08-06,0.003409877
2017-08-07,0.006559493
2017-08-08,0.108276771
2017-08-09,0.07579374
2017-08-10,0.053055618
2017-08-11,0.037138932
2017-08-12,0.025997253
2017-08-13,0.018198077
2017-08-14,0.012738654
2017-08-15,0.008917058
2017-08-16,0.00624194
2017-08-17,0.004369358
2017-08-18,0.003058551
2017-08-19,0.002140986
2017-08-20,0.00149869
2017-08-21,0.001049083
2017-08-22,0.037051955
2017-08-23,0.025936369
2017-08-24,0.018155458
2017-08-25,0.012708821
2017-08-26,0.008896174
2017-08-27,0.006227322
2017-08-28,0.004359125
2017-08-29,0.003051388
2017-08-30,0.165249638
2017-08-31,0.121068573
2017-09-01,0.084748001
2017-09-02,0.237973352
2017-09-03,0.166581347
2017-09-04,0.116606943
2017-09-05,0.08162486
2017-09-06,0.057137402
2017-09-07,0.125357549
2017-09-08,0.087750284
2017-09-09,0.061425199
2017-09-10,0.042997639
2017-09-11,0.030098348
2017-09-12,0.021068843
2017-09-13,0.133607673
2017-09-14,0.093525371
2017-09-15,0.06546776
2017-09-16,0.045827432
2017-09-17,0.032079202
2017-09-18,0.022455442
2017-09-19,0.015718809
2017-09-20,0.011003166
2017-09-21,0.007702216
2017-09-22,0.005391552
2017-09-23,0.003774086
2017-09-24,0.00264186
2017-09-25,0.001849302
2017-09-26,0.001294512
2017-09-27,0.000906158
2017-09-28,0.000634311
2017-09-29,0.000444017
2017-09-30,0.000310812
2017-10-01,0.000217569
2017-10-02,0.000152298
2017-10-03,0.000106609
2017-10-04,7.46E-05
2017-10-05,5.22E-05
2017-10-06,3.66E-05
2017-10-07,2.56E-05
2017-10-08,1.79E-05
2017-10-09,0.225282433
2017-10-10,0.157697703
2017-10-11,0.304255018
2017-10-12,0.212978513
2017-10-13,0.149084959
2017-10-14,0.104359471
2017-10-15,0.07305163
2017-10-16,0.051136141
2017-10-17,0.035795299
2017-10-18,0.025056709
2017-10-19,0.017539696
2017-10-20,0.012277787
2017-10-21,0.008594451
2017-10-22,0.006016116
2017-10-23,0.004211281
2017-10-24,0.265898934
2017-10-25,0.186129254
2017-10-26,0.130290478
2017-10-27,0.091203334
2017-10-28,0.063842334
2017-10-29,0.133638611
2017-10-30,0.147932444
2017-10-31,0.103552711
2017-11-01,0.072486898
2017-11-02,0.050740828
2017-11-03,0.03551858
2017-11-04,0.03359665
2017-11-05,0.055949124
2017-11-06,0.039164387
2017-11-07,0.027415071
2017-11-08,0.020783484
2017-11-09,0.032383086
2017-11-10,0.02266816
2017-11-11,0.015867712
2017-11-12,0.011107399
2017-11-13,0.020442102
2017-11-14,0.014309471
2017-11-15,0.01001663
2017-11-16,0.007011641
2017-11-17,0.004908149
2017-11-18,0.003435704
2017-11-19,0.015319544
2017-11-20,0.010723681
2017-11-21,0.007506577
2017-11-22,0.005254604
2017-11-23,0.003678223
2017-11-24,0.002574756
2017-11-25,0.001802329
2017-11-26,0.00126163
2017-11-27,0.000883141
2017-11-28,0.000618199
2017-11-29,0.000432739
2017-11-30,0.000302917
2017-12-01,0.000212042
2017-12-02,0.00014843
2017-12-03,0.000103901
2017-12-04,7.27E-05
2017-12-05,5.09E-05
2017-12-06,3.56E-05
2017-12-07,2.49E-05
2017-12-08,1.75E-05
2017-12-09,0.004483491
2017-12-10,0.020862299
2017-12-11,0.014603609
2017-12-12,0.010222527
2017-12-13,0.007155769
2017-12-14,0.005009038
2017-12-15,0.003506327
2017-12-16,0.002454429
2017-12-17,0.0017181
2017-12-18,0.00120267
2017-12-19,0.000841869
2017-12-20,0.000589308
2017-12-21,0.000412516
2017-12-22,0.000288761
2017-12-23,0.007937583
2017-12-24,0.02713741
2017-12-25,0.018996187
2017-12-26,0.013297331
2017-12-27,0.009308132
2017-12-28,0.006515692
2017-12-29,0.004560985
2017-12-30,0.003192689
2017-12-31,0.002234882
2018-01-01,0.001564418
2018-01-02,0.001095092
2018-01-03,0.000766565
2018-01-04,0.000536595
2018-01-05,0.000375617
2018-01-06,0.000262932
2018-01-07,0.000184052
2018-01-08,0.000128837
2018-01-09,0.00749851
2018-01-10,0.005248957
2018-01-11,0.00367427
2018-01-12,0.126757216
2018-01-13,0.148317551
2018-01-14,0.107684439
2018-01-15,0.075379107
2018-01-16,0.052765375
2018-01-17,0.04256634
2018-01-18,0.045323869
2018-01-19,0.031726708
2018-01-20,0.024095407
2018-01-21,0.016866785
2018-01-22,0.011806749
2018-01-23,0.044073283
2018-01-24,0.030851298
2018-01-25,0.021595909
2018-01-26,0.015117136
2018-01-27,0.010581995
2018-01-28,0.013526949
2018-01-29,0.119290048
2018-01-30,0.09824227
2018-01-31,0.068769589
2018-02-01,0.048138712
2018-02-02,0.033697099
2018-02-03,0.023587969
2018-02-04,0.016511578
2018-02-05,0.18852122
2018-02-06,0.131964854
2018-02-07,0.135907573
2018-02-08,0.238694046
2018-02-09,0.167085832
2018-02-10,0.116960083
2018-02-11,0.464481701
2018-02-12,0.345630246
2018-02-13,0.241941172
2018-02-14,0.169358821
2018-02-15,0.118551174
2018-02-16,0.082985822
2018-02-17,0.058090075
2018-02-18,0.048097468
2018-02-19,0.06598849
2018-02-20,0.046191943
2018-02-21,0.03233436
2018-02-22,0.022634052
2018-02-23,0.015843837
2018-02-24,0.011090686
2018-02-25,0.00776348
2018-02-26,0.005434436
2018-02-27,0.003804105
2018-02-28,0.002662874
2018-03-01,0.015380286
2018-03-02,0.047902163
2018-03-03,0.033531514
2018-03-04,0.02347206
2018-03-05,0.016430442
2018-03-06,0.011501309
2018-03-07,0.008050917
2018-03-08,0.005635642
2018-03-09,0.003944949
2018-03-10,0.002761464
2018-03-11,0.001933025
2018-03-12,0.020614371
2018-03-13,0.078030833
2018-03-14,0.054621583
2018-03-15,0.038235108
2018-03-16,0.026764576
2018-03-17,0.018735203
2018-03-18,0.086153744
2018-03-19,0.060307621
2018-03-20,0.170234879
2018-03-21,0.210594971
2018-03-22,0.149781063
2018-03-23,0.104846744
2018-03-24,0.073392721
2018-03-25,0.12253851
2018-03-26,0.085776957
2018-03-27,0.062337784
2018-03-28,0.043636449
2018-03-29,0.030545514
2018-03-30,0.02138186
2018-03-31,0.014967302
2018-04-01,0.010477111
2018-04-02,0.007333978
2018-04-03,0.005133785
2018-04-04,0.003593649
2018-04-05,0.002515554
2018-04-06,0.001760888
2018-04-07,0.001232622
2018-04-08,0.005691539
2018-04-09,0.003984077
2018-04-10,0.002788854
2018-04-11,0.001952198
2018-04-12,0.001366538
2018-04-13,0.000956577
2018-04-14,0.000669604
2018-04-15,0.000468723
2018-04-16,0.271115064
2018-04-17,0.189780545
2018-04-18,0.132846381
2018-04-19,0.092992467
2018-04-20,0.065094727
2018-04-21,0.045566309
2018-04-22,0.031896416
2018-04-23,0.022327491
2018-04-24,0.179455562
2018-04-25,0.360500838
2018-04-26,0.252350587
2018-04-27,0.182914158
2018-04-28,0.12803991
2018-04-29,0.089627937
2018-04-30,0.062739556
2018-05-01,0.043917689
2018-05-02,0.030742382
2018-05-03,0.021519668
2018-05-04,0.015063767
2018-05-05,0.010544637
2018-05-06,0.007381246
2018-05-07,0.005166872
2018-05-08,0.003616811
2018-05-09,0.002531767
2018-05-10,0.001772237
2018-05-11,0.003138186
2018-05-12,0.00219673
2018-05-13,0.001537711
2018-05-14,0.001076398
2018-05-15,0.000753478
2018-05-16,0.306525175
2018-05-17,0.467578039
2018-05-18,0.829384489
2018-05-19,0.855649003
2018-05-20,0.598954302
2018-05-21,0.419268012
2018-05-22,0.32921805
2018-05-23,0.292176623
2018-05-24,0.204523636
2018-05-25,0.143166545
2018-05-26,0.100216582
2018-05-27,0.070151607
2018-05-28,0.109198487
2018-05-29,0.076438941
2018-05-30,0.053507259
2018-05-31,0.08505542
2018-06-01,0.059538794
2018-06-02,0.041677156
2018-06-03,0.029174009
2018-06-04,0.020421806
2018-06-05,0.014295264
2018-06-06,0.010006685
2018-06-07,0.00700468
2018-06-08,0.004903276
2018-06-09,0.003432293
2018-06-10,0.002402605
2018-06-11,0.001681824
2018-06-12,0.008961177
2018-06-13,0.006272824
2018-06-14,0.004390977
2018-06-15,0.003073684
2018-06-16,0.002151579
2018-06-17,0.001506105
2018-06-18,0.015047627
2018-06-19,0.010533339
2018-06-20,0.007373337
2018-06-21,0.005161336
2018-06-22,0.174472519
2018-06-23,0.390342651
2018-06-24,0.273239855
2018-06-25,0.191267899
2018-06-26,0.178808847
2018-06-27,0.15589339
2018-06-28,0.109125373
2018-06-29,0.076387761
2018-06-30,0.053471433
2018-07-01,0.037430003
2018-07-02,0.026201002
2018-07-03,0.018340701
2018-07-04,0.012838491
2018-07-05,0.008986944
2018-07-06,0.038554443
2018-07-07,0.151720245
2018-07-08,0.106204171
2018-07-09,0.07434292
2018-07-10,0.052040044
2018-07-11,0.036428031
2018-07-12,0.025499622
2018-07-13,0.017849735
2018-07-14,0.012494815
2018-07-15,0.00874637
2018-07-16,0.006122459
2018-07-17,0.004285721
2018-07-18,0.003000005
2018-07-19,0.002100003
2018-07-20,0.001470002
2018-07-21,0.001029002
2018-07-22,0.026724106
2018-07-23,0.107199145
2018-07-24,0.237593077
2018-07-25,0.223288697
2018-07-26,0.28083681
2018-07-27,0.196585767
2018-07-28,0.137610037
2018-07-29,0.096327026
2018-07-30,0.097705338
2018-07-31,0.068393737
2018-08-01,0.047875616
2018-08-02,0.084925193
2018-08-03,0.119876982
2018-08-04,0.086770377
2018-08-05,0.060739264
2018-08-06,0.042517485
2018-08-07,0.031433741
2018-08-08,0.022003619
2018-08-09,0.015402533
2018-08-10,0.010781773
2018-08-11,0.007547241
2018-08-12,0.005283069
2018-08-13,0.140597427
2018-08-14,0.098418199
2018-08-15,0.068892739
2018-08-16,0.048224917
2018-08-17,0.033757442
2018-08-18,0.02363021
2018-08-19,0.170090171
2018-08-20,0.119063119
2018-08-21,0.399152945
2018-08-22,0.279407062
2018-08-23,0.195584943
2018-08-24,0.13690946
2018-08-25,0.095836622
2018-08-26,0.067085635
2018-08-27,0.046959945
2018-08-28,0.032871961
2018-08-29,0.023010373
2018-08-30,0.016107261
2018-08-31,0.025529633
2018-09-01,0.017870743
2018-09-02,0.01250952
2018-09-03,0.008756664
2018-09-04,0.006129665
2018-09-05,0.004290765
2018-09-06,0.003003536
2018-09-07,0.002102475
2018-09-08,0.001471733
2018-09-09,0.13275065
2018-09-10,0.144914162
2018-09-11,0.132499487
2018-09-12,0.499105338
2018-09-13,0.349373736
2018-09-14,0.244561615
2018-09-15,0.191999176
2018-09-16,0.134399423
2018-09-17,0.668063702
2018-09-18,0.743512647
2018-09-19,0.520458853
2018-09-20,0.364321197
2018-09-21,0.255024838
2018-09-22,0.178517386
2018-09-23,0.56197754
2018-09-24,0.398665181
2018-09-25,0.283006599
2018-09-26,0.198104619
2018-09-27,0.138673233
2018-09-28,0.27556872
2018-09-29,0.192898104
2018-09-30,0.135028673
2018-10-01,0.094520071
2018-10-02,0.06616405
2018-10-03,0.046314835
2018-10-04,0.048081002
2018-10-05,0.033656702
2018-10-06,0.036120828
2018-10-07,0.02528458
2018-10-08,0.074638927
2018-10-09,0.052247249
2018-10-10,0.045519049
2018-10-11,0.156771617
2018-10-12,0.573198465
2018-10-13,0.401238926
2018-10-14,0.280867248
2018-10-15,0.196607074
2018-10-16,0.137624952
2018-10-17,0.096886111
2018-10-18,0.067820278
2018-10-19,0.047474194
2018-10-20,0.033231936
2018-10-21,0.023262355
2018-10-22,0.016283649
2018-10-23,0.011398554
2018-10-24,0.007978988
2018-10-25,0.005585291
2018-10-26,0.003909704
2018-10-27,0.217766038
2018-10-28,0.152436227
2018-10-29,0.123526381
2018-10-30,0.086468467
2018-10-31,0.060527927
2018-11-01,0.042369549
2018-11-02,0.029658684
2018-11-03,0.081847569
2018-11-04,0.057293298
2018-11-05,0.046767794
2018-11-06,0.032737456
2018-11-07,0.031097515
2018-11-08,0.021768261
2018-11-09,0.02816566
2018-11-10,0.073404138
2018-11-11,0.051382897
2018-11-12,0.035968028
2018-11-13,0.21509276
2018-11-14,0.153087154
2018-11-15,0.161861702
2018-11-16,0.369860483
2018-11-17,0.258902338
2018-11-18,0.181231637
2018-11-19,0.126862146
2018-11-20,0.088803502
2018-11-21,0.062162451
2018-11-22,0.043513716
2018-11-23,0.030459601
2018-11-24,0.025145763
2018-11-25,0.214341946
2018-11-26,0.150039362
2018-11-27,0.105027553
2018-11-28,0.073519287
2018-11-29,0.051463501
2018-11-30,0.040077397
2018-12-01,0.058816738
2018-12-02,0.065526925
2018-12-03,0.045868847
2018-12-04,0.032108193
2018-12-05,0.022475735
2018-12-06,0.015733015
2018-12-07,0.01101311
2018-12-08,0.007709177
2018-12-09,0.03251528
2018-12-10,0.247857817
2018-12-11,0.173500472
2018-12-12,0.121450331
2018-12-13,0.085015231
2018-12-14,0.059510662
2018-12-15,0.199491146
2018-12-16,0.356330423
2018-12-17,0.348499596
2018-12-18,0.243949717
2018-12-19,0.170764802
2018-12-20,0.119535361
2018-12-21,0.390615482
2018-12-22,0.320958962
2018-12-23,0.224671274
2018-12-24,0.157269892
2018-12-25,0.110088924
2018-12-26,0.077062247
2018-12-27,0.053943573
2018-12-28,0.203663316
2018-12-29,0.276872654
2018-12-30,0.193810858
2018-12-31,0.135667601
2019-01-01,0.100739304
2019-01-02,0.070517513
2019-01-03,0.073604399
2019-01-04,0.066577593
2019-01-05,0.099570982
2019-01-06,0.069699687
2019-01-07,0.048789781
2019-01-08,0.034152847
2019-01-09,0.023906993
2019-01-10,0.016734895
2019-01-11,0.011714426
2019-01-12,0.008200099
2019-01-13,0.122952382
2019-01-14,0.090198651
2019-01-15,0.063139056
2019-01-16,0.044197339
2019-01-17,0.030938137
2019-01-18,0.03217666
2019-01-19,0.022523662
2019-01-20,0.150328967
2019-01-21,0.125971428
2019-01-22,0.08818
2019-01-23,0.061726
2019-01-24,0.124361529
2019-01-25,0.087683626
2019-01-26,0.061378538
2019-01-27,0.042964977
2019-01-28,0.030075484
2019-01-29,0.021052839
2019-01-30,0.014736987
2019-01-31,0.010315891
2019-02-01,0.007221124
2019-02-02,0.005054787
2019-02-03,0.003538351
2019-02-04,0.045774715
2019-02-05,0.146257071
2019-02-06,0.10237995
2019-02-07,0.071665965
2019-02-08,0.059766719
2019-02-09,0.041836704
2019-02-10,0.029285692
2019-02-11,0.049426016
2019-02-12,0.120094094
2019-02-13,0.143038776
2019-02-14,0.100127143
2019-02-15,0.070089
2019-02-16,0.0490623
2019-02-17,0.101828392
2019-02-18,0.209213902
2019-02-19,0.146449731
2019-02-20,0.216031469
2019-02-21,0.293885223
2019-02-22,0.239612017
2019-02-23,0.362806537
2019-02-24,0.420273604
2019-02-25,0.339118606
2019-02-26,0.237383024
2019-02-27,0.166168117
2019-02-28,0.116317682
2019-03-01,0.101658207
2019-03-02,0.173786593
2019-03-03,0.121650615
2019-03-04,0.190096872
2019-03-05,0.13306781
2019-03-06,0.093147467
2019-03-07,0.065203227
2019-03-08,0.045642259
2019-03-09,0.058218929
2019-03-10,0.070570269
2019-03-11,0.054916549
2019-03-12,0.038441584
2019-03-13,0.026909109
2019-03-14,0.018836376
2019-03-15,0.013185463
2019-03-16,0.009229824
2019-03-17,0.006460877
2019-03-18,0.004522614
2019-03-19,0.00316583
2019-03-20,0.002216081
2019-03-21,0.005150453
2019-03-22,0.003605317
2019-03-23,0.002523722
2019-03-24,0.001766605
2019-03-25,0.001236624
2019-03-26,0.004694384
2019-03-27,0.003286069
2019-03-28,0.002300248
2019-03-29,0.001610174
2019-03-30,0.001127122
2019-03-31,0.000788985
2019-04-01,0.00055229
2019-04-02,0.000386603
2019-04-03,0.000270622
2019-04-04,0.000189435
2019-04-05,0.000132605
2019-04-06,0.082938442
2019-04-07,0.058056909
2019-04-08,0.040639836
2019-04-09,0.098700289
2019-04-10,0.069090202
2019-04-11,0.048363141
2019-04-12,0.033854199
2019-04-13,0.071245732
2019-04-14,0.049872012
2019-04-15,0.375293549
2019-04-16,0.262705484
2019-04-17,0.183893839
2019-04-18,0.128725687
2019-04-19,0.090107981
2019-04-20,0.278546037
2019-04-21,0.194982226
2019-04-22,0.136487558
2019-04-23,0.095541291
2019-04-24,0.066878903
2019-04-25,0.046815232
2019-04-26,0.032770663
2019-04-27,0.028280004
2019-04-28,0.019796003
2019-04-29,0.013857202
2019-04-30,0.009700041
2019-05-01,0.006790029
2019-05-02,0.00475302
2019-05-03,0.003327114
2019-05-04,0.129489293
2019-05-05,0.090642505
2019-05-06,0.06521154
2019-05-07,0.045648078
2019-05-08,0.031953655
2019-05-09,0.022367558
2019-05-10,0.015657291
2019-05-11,0.010960104
2019-05-12,0.064762888
2019-05-13,0.075256507
2019-05-14,0.052679555
2019-05-15,0.036875688
2019-05-16,0.025812982
2019-05-17,0.018069087
2019-05-18,0.012648361
2019-05-19,0.008853853
2019-05-20,0.006197697
2019-05-21,0.004338388
2019-05-22,0.003036871
2019-05-23,0.00212581
2019-05-24,0.001488067
2019-05-25,0.001041647
2019-05-26,0.006980847
2019-05-27,0.033059676
2019-05-28,0.023141773
2019-05-29,0.016199241
2019-05-30,0.026709987
2019-05-31,0.018696991
2019-06-01,0.07085942
2019-06-02,0.049601594
2019-06-03,0.034721116
2019-06-04,0.024304781
2019-06-05,0.017013347
2019-06-06,0.011909343
2019-06-07,0.026940675
2019-06-08,0.274409123
2019-06-09,0.605888469
2019-06-10,0.462743456
2019-06-11,0.381458614
2019-06-12,0.26702103
2019-06-13,0.186914721
2019-06-14,0.130840305
2019-06-15,0.091588213
2019-06-16,0.064111749
2019-06-17,0.044878224
2019-06-18,0.035452408
2019-06-19,0.024816686
2019-06-20,0.019638793
2019-06-21,0.013747155
2019-06-22,0.009623008
2019-06-23,0.006736106
2019-06-24,0.004715274
2019-06-25,0.031579465
2019-06-26,0.022105625
2019-06-27,0.015473938
2019-06-28,0.010831756
2019-06-29,0.00758223
2019-06-30,0.025321693
2019-07-01,0.017725185
2019-07-02,0.01240763
2019-07-03,0.008685341
2019-07-04,0.006079739
2019-07-05,0.004255817
2019-07-06,0.002979072
2019-07-07,0.00208535
2019-07-08,0.012374237
2019-07-09,0.008661966
2019-07-10,0.006063376
2019-07-11,0.004244363
2019-07-12,0.002971054
2019-07-13,0.002079738
2019-07-14,0.001455817
2019-07-15,0.001019072
2019-07-16,0.0054298
2019-07-17,0.00380086
2019-07-18,0.002660602
2019-07-19,0.001862421
2019-07-20,0.001303695
2019-07-21,0.000912587
2019-07-22,0.539963664
2019-07-23,0.506450259
2019-07-24,0.400230459
2019-07-25,0.280161321
2019-07-26,0.196112925
2019-07-27,0.137279047
2019-07-28,0.096095333
2019-07-29,0.067266733
2019-07-30,0.047086713
2019-07-31,0.048003575
2019-08-01,0.033602503
2019-08-02,0.045166669
2019-08-03,0.031616668
2019-08-04,0.022131668
2019-08-05,0.015492168
2019-08-06,0.010844517
2019-08-07,0.007591162
2019-08-08,0.005313813
2019-08-09,0.003719669
2019-08-10,0.002603769
2019-08-11,0.001822638
2019-08-12,0.001275847
2019-08-13,0.000893093
2019-08-14,0.000625165
2019-08-15,0.000437615
2019-08-16,0.026913861
2019-08-17,0.130501406
2019-08-18,0.091350984
2019-08-19,0.063945689
2019-08-20,0.044761982
2019-08-21,0.031333387
2019-08-22,0.021933371
2019-08-23,0.056083702
2019-08-24,0.315389572
2019-08-25,0.220772701
2019-08-26,0.15454089
2019-08-27,0.108178623
2019-08-28,0.075725036
2019-08-29,0.053007525
2019-08-30,0.037105268
2019-08-31,0.025973687
2019-09-01,0.018181581
2019-09-02,0.012727107
2019-09-03,0.008908975
2019-09-04,0.006236282
2019-09-05,0.004365398
2019-09-06,0.003055778
2019-09-07,0.002139045
2019-09-08,0.001497331
2019-09-09,0.001048132
2019-09-10,0.000733692
2019-09-11,0.000513585
2019-09-12,0.098222399
2019-09-13,0.068755679
2019-09-14,0.048128976
2019-09-15,0.045229337
2019-09-16,0.031660536
2019-09-17,0.022162375
2019-09-18,0.015513663
2019-09-19,0.010859564
2019-09-20,0.007601695
2019-09-21,0.005321186
2019-09-22,0.00372483
2019-09-23,0.002607381
2019-09-24,0.001825167
2019-09-25,0.001277617
2019-09-26,0.000894332
2019-09-27,0.000626032
2019-09-28,0.000438223
2019-09-29,0.091305542
2019-09-30,0.063913879
2019-10-01,0.044739715
2019-10-02,0.031317801
2019-10-03,0.021922461
2019-10-04,0.015345722
2019-10-05,0.010742006
2019-10-06,0.036723419
2019-10-07,0.025706393
2019-10-08,0.038823812
2019-10-09,0.077530848
2019-10-10,0.054271593
2019-10-11,0.037990115
2019-10-12,0.026593081
2019-10-13,0.018615157
2019-10-14,0.01303061
2019-10-15,0.009121427
2019-10-16,0.043593022
2019-10-17,0.168462881
2019-10-18,0.117924017
2019-10-19,0.082546812
2019-10-20,0.385241211
2019-10-21,0.269668848
2019-10-22,0.188768193
2019-10-23,0.211231155
2019-10-24,0.147861808
2019-10-25,0.103503266
2019-10-26,0.072452286
2019-10-27,0.226165256
2019-10-28,0.301767068
2019-10-29,0.211236948
2019-10-30,0.147865863
2019-10-31,0.24031355
2019-11-01,0.317188235
2019-11-02,0.222031764
2019-11-03,0.155422235
2019-11-04,0.108795564
2019-11-05,0.076156895
2019-11-06,0.053309827
2019-11-07,0.037316879
2019-11-08,0.026121815
2019-11-09,0.018285271
2019-11-10,0.012799689
2019-11-11,0.008959783
2019-11-12,0.006271848
2019-11-13,0.005282304
2019-11-14,0.003697613
2019-11-15,0.002588329
2019-11-16,0.00181183
2019-11-17,0.001268281
2019-11-18,0.000887797
2019-11-19,0.030397532
2019-11-20,0.021278272
2019-11-21,0.01489479
2019-11-22,0.010426353
2019-11-23,0.007298447
2019-11-24,0.101083363
2019-11-25,0.070758354
2019-11-26,0.049530848
2019-11-27,0.053696128
2019-11-28,0.048070276
2019-11-29,0.033649193
2019-11-30,0.023554435
2019-12-01,0.197220796
2019-12-02,0.232874349
2019-12-03,0.163012044
2019-12-04,0.114108431
2019-12-05,0.079875902
2019-12-06,0.055913131
2019-12-07,0.039139192
2019-12-08,0.027397434
2019-12-09,0.033975555
2019-12-10,0.104930109
2019-12-11,0.08283059
2019-12-12,0.057981413
2019-12-13,0.075527463
2019-12-14,0.188587341
2019-12-15,0.183401417
2019-12-16,0.128380992
2019-12-17,0.089866694
2019-12-18,0.062906686
2019-12-19,0.04403468
2019-12-20,0.030824276
2019-12-21,0.021576993
2019-12-22,0.015103895
2019-12-23,0.010572727
2019-12-24,0.007400909
2019-12-25,0.005180636
2019-12-26,0.003626445
2019-12-27,0.002538512
2019-12-28,0.001776958
2019-12-29,0.010708864
2019-12-30,0.019231184
2019-12-31,0.013461829
