,time,Q_cmps
1,1/1/2014,0
2,1/2/2014,0
3,1/3/2014,0.015824516
4,1/4/2014,0.011077161
5,1/5/2014,0.35918725
6,1/6/2014,0.280042534
7,1/7/2014,0.204479766
8,1/8/2014,0.143135836
9,1/9/2014,0.100195085
10,1/10/2014,0.07579565
11,1/11/2014,0.210946113
12,1/12/2014,0.26406224
13,1/13/2014,0.184843568
14,1/14/2014,0.14118987
15,1/15/2014,0.104744367
16,1/16/2014,0.073321057
17,1/17/2014,0.05132474
18,1/18/2014,0.035927318
19,1/19/2014,0.025149123
20,1/20/2014,0.017604386
21,1/21/2014,0.01232307
22,1/22/2014,0.024408956
23,1/23/2014,0.017086269
24,1/24/2014,0.011960388
25,1/25/2014,0.008372272
26,1/26/2014,0.00586059
27,1/27/2014,0.004102413
28,1/28/2014,0.002871689
29,1/29/2014,0.009260829
30,1/30/2014,0.006482581
31,1/31/2014,0.004537806
32,2/1/2014,0.003176464
33,2/2/2014,0.002223525
34,2/3/2014,0.292333577
35,2/4/2014,0.27478281
36,2/5/2014,0.218358383
37,2/6/2014,0.152850868
38,2/7/2014,0.106995608
39,2/8/2014,0.074896926
40,2/9/2014,0.052427848
41,2/10/2014,0.036699494
42,2/11/2014,0.025689645
43,2/12/2014,0.017982752
44,2/13/2014,0.272386438
45,2/14/2014,0.309953753
46,2/15/2014,0.218225582
47,2/16/2014,0.152757907
48,2/17/2014,0.106930535
49,2/18/2014,0.074851374
50,2/19/2014,0.052395962
51,2/20/2014,0.072373102
52,2/21/2014,0.161063755
53,2/22/2014,0.308383485
54,2/23/2014,0.21586844
55,2/24/2014,0.151107908
56,2/25/2014,0.105775535
57,2/26/2014,0.074042875
58,2/27/2014,0.051830012
59,2/28/2014,0.036281009
60,3/1/2014,0.025396706
61,3/2/2014,0.017777694
62,3/3/2014,0.172270872
63,3/4/2014,0.158580583
64,3/5/2014,0.111006408
65,3/6/2014,0.077704486
66,3/7/2014,0.067245699
67,3/8/2014,0.047071989
68,3/9/2014,0.037886685
69,3/10/2014,0.02652068
70,3/11/2014,0.018564476
71,3/12/2014,0.012995133
72,3/13/2014,0.009096593
73,3/14/2014,0.006367615
74,3/15/2014,0.004457331
75,3/16/2014,0.003120131
76,3/17/2014,0.100547547
77,3/18/2014,0.070383283
78,3/19/2014,0.050895921
79,3/20/2014,0.035627145
80,3/21/2014,0.024939001
81,3/22/2014,0.017457301
82,3/23/2014,0.012220111
83,3/24/2014,0.008554077
84,3/25/2014,0.005987854
85,3/26/2014,0.055364501
86,3/27/2014,0.038755151
87,3/28/2014,0.027128606
88,3/29/2014,0.018990024
89,3/30/2014,0.110641635
90,3/31/2014,0.077449145
91,4/1/2014,0.054214401
92,4/2/2014,0.037950081
93,4/3/2014,0.026565057
94,4/4/2014,0.01859554
95,4/5/2014,0.013016878
96,4/6/2014,0.009111814
97,4/7/2014,0.112294918
98,4/8/2014,0.147345881
99,4/9/2014,0.103142116
100,4/10/2014,0.072199482
101,4/11/2014,0.050539637
102,4/12/2014,0.035377746
103,4/13/2014,0.024764422
104,4/14/2014,0.017335096
105,4/15/2014,0.156358034
106,4/16/2014,0.111027012
107,4/17/2014,0.077718909
108,4/18/2014,0.054403236
109,4/19/2014,0.038082265
110,4/20/2014,0.026657586
111,4/21/2014,0.01866031
112,4/22/2014,0.013062217
113,4/23/2014,0.009143552
114,4/24/2014,0.006400486
115,4/25/2014,0.00448034
116,4/26/2014,0.025248325
117,4/27/2014,0.017673828
118,4/28/2014,0.012371679
119,4/29/2014,0.253337942
120,4/30/2014,0.241968504
121,5/1/2014,0.169377953
122,5/2/2014,0.118564567
123,5/3/2014,0.082995197
124,5/4/2014,0.058096638
125,5/5/2014,0.040667646
126,5/6/2014,0.028467352
127,5/7/2014,0.019927147
128,5/8/2014,0.013949003
129,5/9/2014,0.009764302
130,5/10/2014,0.022598908
131,5/11/2014,0.015819236
132,5/12/2014,0.011073465
133,5/13/2014,0.007751425
134,5/14/2014,0.005425998
135,5/15/2014,0.003798198
136,5/16/2014,0.35925444
137,5/17/2014,0.251478108
138,5/18/2014,0.176034676
139,5/19/2014,0.123224273
140,5/20/2014,0.086256991
141,5/21/2014,0.060379894
142,5/22/2014,0.042265926
143,5/23/2014,0.029586148
144,5/24/2014,0.020710304
145,5/25/2014,0.014497212
146,5/26/2014,0.010148049
147,5/27/2014,0.007103634
148,5/28/2014,0.004972544
149,5/29/2014,0.003480781
150,5/30/2014,0.021575959
151,5/31/2014,0.015103171
152,6/1/2014,0.01057222
153,6/2/2014,0.007400554
154,6/3/2014,0.005180388
155,6/4/2014,0.003626271
156,6/5/2014,0.13663035
157,6/6/2014,0.095641245
158,6/7/2014,0.066948871
159,6/8/2014,0.04686421
160,6/9/2014,0.053523335
161,6/10/2014,0.037466335
162,6/11/2014,0.026226434
163,6/12/2014,0.115586804
164,6/13/2014,0.113629393
165,6/14/2014,0.079540575
166,6/15/2014,0.055678403
167,6/16/2014,0.038974882
168,6/17/2014,0.027282417
169,6/18/2014,0.019097692
170,6/19/2014,0.013368384
171,6/20/2014,0.009357869
172,6/21/2014,0.096102702
173,6/22/2014,0.067271891
174,6/23/2014,0.086632123
175,6/24/2014,0.060642486
176,6/25/2014,0.04244974
177,6/26/2014,0.029714818
178,6/27/2014,0.020800373
179,6/28/2014,0.014560261
180,6/29/2014,0.010192183
181,6/30/2014,0.007134528
182,7/1/2014,0.004994169
183,7/2/2014,0.003495919
184,7/3/2014,0.002447143
185,7/4/2014,0.118725623
186,7/5/2014,0.083107936
187,7/6/2014,0.058175555
188,7/7/2014,0.040722889
189,7/8/2014,0.028506022
190,7/9/2014,0.019954215
191,7/10/2014,0.070101647
192,7/11/2014,0.066761568
193,7/12/2014,0.046733098
194,7/13/2014,0.032713168
195,7/14/2014,0.022899218
196,7/15/2014,0.019135347
197,7/16/2014,0.037800033
198,7/17/2014,0.026460023
199,7/18/2014,0.018522016
200,7/19/2014,0.012965411
201,7/20/2014,0.009075788
202,7/21/2014,0.006353052
203,7/22/2014,0.004447136
204,7/23/2014,0.003112995
205,7/24/2014,0.002179097
206,7/25/2014,0.243032457
207,7/26/2014,0.247202446
208,7/27/2014,0.173041712
209,7/28/2014,0.121129198
210,7/29/2014,0.084790439
211,7/30/2014,0.059353307
212,7/31/2014,0.041547315
213,8/1/2014,0.029083121
214,8/2/2014,0.082003762
215,8/3/2014,0.057402633
216,8/4/2014,0.040181843
217,8/5/2014,0.02812729
218,8/6/2014,0.019689103
219,8/7/2014,0.013782372
220,8/8/2014,0.009647661
221,8/9/2014,0.29106521
222,8/10/2014,0.298880717
223,8/11/2014,0.262577266
224,8/12/2014,0.315432558
225,8/13/2014,0.239719457
226,8/14/2014,0.16780362
227,8/15/2014,0.117462534
228,8/16/2014,0.082223774
229,8/17/2014,0.057556642
230,8/18/2014,0.040289649
231,8/19/2014,0.146439016
232,8/20/2014,0.102507311
233,8/21/2014,0.071755118
234,8/22/2014,0.050228583
235,8/23/2014,0.035160008
236,8/24/2014,0.359106517
237,8/25/2014,0.251374562
238,8/26/2014,0.175962193
239,8/27/2014,0.123173535
240,8/28/2014,0.086221475
241,8/29/2014,0.060355032
242,8/30/2014,0.042248523
243,8/31/2014,0.029573966
244,9/1/2014,0.020701776
245,9/2/2014,0.014491243
246,9/3/2014,0.087142837
247,9/4/2014,0.060999986
248,9/5/2014,0.04269999
249,9/6/2014,0.029889993
250,9/7/2014,0.020922995
251,9/8/2014,0.014646097
252,9/9/2014,0.010252268
253,9/10/2014,0.007176587
254,9/11/2014,0.005023611
255,9/12/2014,0.003516528
256,9/13/2014,0.071052801
257,9/14/2014,0.04973696
258,9/15/2014,0.034815872
259,9/16/2014,0.024371111
260,9/17/2014,0.017059777
261,9/18/2014,0.011941844
262,9/19/2014,0.008359291
263,9/20/2014,0.017838248
264,9/21/2014,0.012486774
265,9/22/2014,0.008740742
266,9/23/2014,0.006118519
267,9/24/2014,0.004282963
268,9/25/2014,0.002998074
269,9/26/2014,0.002098652
270,9/27/2014,0.001469056
271,9/28/2014,0.001028339
272,9/29/2014,0.000719838
273,9/30/2014,0.000503886
274,10/1/2014,0.00035272
275,10/2/2014,0.000246904
276,10/3/2014,0.000172833
277,10/4/2014,0.042653964
278,10/5/2014,0.029857775
279,10/6/2014,0.020900442
280,10/7/2014,0.058932416
281,10/8/2014,0.14701305
282,10/9/2014,0.105517583
283,10/10/2014,0.073862308
284,10/11/2014,0.108681521
285,10/12/2014,0.096217557
286,10/13/2014,0.19668043
287,10/14/2014,0.177874218
288,10/15/2014,0.279786258
289,10/16/2014,0.195850381
290,10/17/2014,0.137095266
291,10/18/2014,0.095966687
292,10/19/2014,0.067176681
293,10/20/2014,0.047023676
294,10/21/2014,0.032916573
295,10/22/2014,0.023041601
296,10/23/2014,0.016129121
297,10/24/2014,0.011290385
298,10/25/2014,0.007903269
299,10/26/2014,0.005532289
300,10/27/2014,0.003872602
301,10/28/2014,0.002710821
302,10/29/2014,0.001897575
303,10/30/2014,0.001328302
304,10/31/2014,0.000929812
305,11/1/2014,0.085477316
306,11/2/2014,0.059834121
307,11/3/2014,0.041883885
308,11/4/2014,0.029318719
309,11/5/2014,0.020523104
310,11/6/2014,0.017138018
311,11/7/2014,0.011996612
312,11/8/2014,0.008397629
313,11/9/2014,0.00587834
314,11/10/2014,0.004114838
315,11/11/2014,0.002880387
316,11/12/2014,0.002016271
317,11/13/2014,0.001411389
318,11/14/2014,0.000987973
319,11/15/2014,0.000691581
320,11/16/2014,0.000484107
321,11/17/2014,0.033281465
322,11/18/2014,0.15140046
323,11/19/2014,0.105980322
324,11/20/2014,0.074186225
325,11/21/2014,0.051930358
326,11/22/2014,0.03635125
327,11/23/2014,0.025445875
328,11/24/2014,0.183466174
329,11/25/2014,0.144115283
330,11/26/2014,0.284608823
331,11/27/2014,0.298144579
332,11/28/2014,0.208701205
333,11/29/2014,0.146090844
334,11/30/2014,0.102263591
335,12/1/2014,0.071584513
336,12/2/2014,0.176785551
337,12/3/2014,0.132025927
338,12/4/2014,0.092418149
339,12/5/2014,0.096391368
340,12/6/2014,0.068025694
341,12/7/2014,0.06543118
342,12/8/2014,0.045801826
343,12/9/2014,0.035730944
344,12/10/2014,0.02501166
345,12/11/2014,0.017508162
346,12/12/2014,0.012255714
347,12/13/2014,0.008579
348,12/14/2014,0.0060053
349,12/15/2014,0.00420371
350,12/16/2014,0.002942597
351,12/17/2014,0.003644172
352,12/18/2014,0.00255092
353,12/19/2014,0.001785644
354,12/20/2014,0.001249951
355,12/21/2014,0.000874966
356,12/22/2014,0.000612476
357,12/23/2014,0.052106972
358,12/24/2014,0.169049186
359,12/25/2014,0.147812902
360,12/26/2014,0.103469032
361,12/27/2014,0.072428322
362,12/28/2014,0.050699825
363,12/29/2014,0.052085556
364,12/30/2014,0.073505028
365,12/31/2014,0.06414345
366,1/1/2015,0.044900415
367,1/2/2015,0.031430291
368,1/3/2015,0.041731833
369,1/4/2015,0.058769575
370,1/5/2015,0.041296341
371,1/6/2015,0.028907439
372,1/7/2015,0.020235207
373,1/8/2015,0.014164645
374,1/9/2015,0.009915252
375,1/10/2015,0.006940676
376,1/11/2015,0.004858473
377,1/12/2015,0.042025408
378,1/13/2015,0.058975078
379,1/14/2015,0.049952693
380,1/15/2015,0.034966885
381,1/16/2015,0.02447682
382,1/17/2015,0.017133774
383,1/18/2015,0.011993642
384,1/19/2015,0.008395549
385,1/20/2015,0.005876884
386,1/21/2015,0.004113819
387,1/22/2015,0.002879673
388,1/23/2015,0.002015771
389,1/24/2015,0.097849071
390,1/25/2015,0.074326989
391,1/26/2015,0.052028892
392,1/27/2015,0.040455074
393,1/28/2015,0.028318552
394,1/29/2015,0.019822986
395,1/30/2015,0.01387609
396,1/31/2015,0.009713263
397,2/1/2015,0.006799284
398,2/2/2015,0.017643078
399,2/3/2015,0.016306517
400,2/4/2015,0.011414562
401,2/5/2015,0.007990194
402,2/6/2015,0.005593135
403,2/7/2015,0.003915195
404,2/8/2015,0.002740636
405,2/9/2015,0.001918445
406,2/10/2015,0.004533172
407,2/11/2015,0.00317322
408,2/12/2015,0.002221254
409,2/13/2015,0.001554878
410,2/14/2015,0.001088415
411,2/15/2015,0.003774706
412,2/16/2015,0.002642294
413,2/17/2015,0.194207807
414,2/18/2015,0.150118749
415,2/19/2015,0.105083124
416,2/20/2015,0.073558187
417,2/21/2015,0.051490731
418,2/22/2015,0.239086657
419,2/23/2015,0.16736066
420,2/24/2015,0.117152462
421,2/25/2015,0.082006723
422,2/26/2015,0.101588845
423,2/27/2015,0.071112192
424,2/28/2015,0.049778534
425,3/1/2015,0.034844974
426,3/2/2015,0.024391482
427,3/3/2015,0.017074037
428,3/4/2015,0.063261118
429,3/5/2015,0.203840886
430,3/6/2015,0.349195565
431,3/7/2015,0.244436895
432,3/8/2015,0.363256785
433,3/9/2015,0.471616038
434,3/10/2015,0.331446508
435,3/11/2015,0.232012555
436,3/12/2015,0.162408789
437,3/13/2015,0.113686152
438,3/14/2015,0.126350573
439,3/15/2015,0.103550214
440,3/16/2015,0.07248515
441,3/17/2015,0.050739605
442,3/18/2015,0.035517724
443,3/19/2015,0.024862406
444,3/20/2015,0.128793152
445,3/21/2015,0.090155206
446,3/22/2015,0.063108644
447,3/23/2015,0.044176051
448,3/24/2015,0.030923236
449,3/25/2015,0.021646265
450,3/26/2015,0.015152386
451,3/27/2015,0.213288139
452,3/28/2015,0.149301697
453,3/29/2015,0.104511188
454,3/30/2015,0.073157832
455,3/31/2015,0.051210482
456,4/1/2015,0.035847338
457,4/2/2015,0.025093136
458,4/3/2015,0.017565195
459,4/4/2015,0.012295637
460,4/5/2015,0.008606946
461,4/6/2015,0.006024862
462,4/7/2015,0.030603006
463,4/8/2015,0.021422104
464,4/9/2015,0.149709822
465,4/10/2015,0.19071007
466,4/11/2015,0.133497049
467,4/12/2015,0.093447934
468,4/13/2015,0.065413554
469,4/14/2015,0.049846817
470,4/15/2015,0.180209795
471,4/16/2015,0.138915607
472,4/17/2015,0.097240925
473,4/18/2015,0.068068647
474,4/19/2015,0.047648053
475,4/20/2015,0.367249764
476,4/21/2015,0.278356085
477,4/22/2015,0.194849259
478,4/23/2015,0.136394482
479,4/24/2015,0.095476137
480,4/25/2015,0.066833296
481,4/26/2015,0.110862792
482,4/27/2015,0.10217084
483,4/28/2015,0.071519588
484,4/29/2015,0.050063712
485,4/30/2015,0.035044598
486,5/1/2015,0.072749969
487,5/2/2015,0.050924978
488,5/3/2015,0.035647485
489,5/4/2015,0.024953239
490,5/5/2015,0.017467267
491,5/6/2015,0.012227087
492,5/7/2015,0.100457232
493,5/8/2015,0.070320062
494,5/9/2015,0.049224044
495,5/10/2015,0.034456831
496,5/11/2015,0.024119781
497,5/12/2015,0.016883847
498,5/13/2015,0.011818693
499,5/14/2015,0.008273085
500,5/15/2015,0.00579116
501,5/16/2015,0.004053812
502,5/17/2015,0.002837668
503,5/18/2015,0.001986368
504,5/19/2015,0.001390457
505,5/20/2015,0.00097332
506,5/21/2015,0.000681324
507,5/22/2015,0.028474033
508,5/23/2015,0.019931823
509,5/24/2015,0.013952276
510,5/25/2015,0.009766593
511,5/26/2015,0.006836615
512,5/27/2015,0.004785631
513,5/28/2015,0.003349941
514,5/29/2015,0.002344959
515,5/30/2015,0.001641471
516,5/31/2015,0.00114903
517,6/1/2015,0.109176374
518,6/2/2015,0.266292389
519,6/3/2015,0.833512311
520,6/4/2015,0.636267646
521,6/5/2015,0.445387352
522,6/6/2015,0.311771146
523,6/7/2015,0.218239802
524,6/8/2015,0.152767862
525,6/9/2015,0.195668862
526,6/10/2015,0.136968203
527,6/11/2015,0.095877742
528,6/12/2015,0.06711442
529,6/13/2015,0.046980094
530,6/14/2015,0.032886066
531,6/15/2015,0.023020246
532,6/16/2015,0.016114172
533,6/17/2015,0.011279921
534,6/18/2015,0.295567032
535,6/19/2015,0.226601784
536,6/20/2015,0.158621249
537,6/21/2015,0.111034874
538,6/22/2015,0.077724412
539,6/23/2015,0.054407088
540,6/24/2015,0.038084962
541,6/25/2015,0.026659473
542,6/26/2015,0.049579293
543,6/27/2015,0.189139699
544,6/28/2015,0.132397789
545,6/29/2015,0.092678452
546,6/30/2015,0.064874917
547,7/1/2015,0.045412442
548,7/2/2015,0.031788709
549,7/3/2015,0.022252096
550,7/4/2015,0.029795913
551,7/5/2015,0.020857139
552,7/6/2015,0.061773146
553,7/7/2015,0.286303885
554,7/8/2015,0.200412719
555,7/9/2015,0.140288904
556,7/10/2015,0.098202232
557,7/11/2015,0.068741563
558,7/12/2015,0.097263839
559,7/13/2015,0.380045673
560,7/14/2015,0.266031971
561,7/15/2015,0.18622238
562,7/16/2015,0.130355666
563,7/17/2015,0.091248966
564,7/18/2015,0.063874276
565,7/19/2015,0.044711993
566,7/20/2015,0.031298395
567,7/21/2015,0.021908877
568,7/22/2015,0.015336214
569,7/23/2015,0.01073535
570,7/24/2015,0.007514745
571,7/25/2015,0.005260321
572,7/26/2015,0.003682225
573,7/27/2015,0.002577557
574,7/28/2015,0.00180429
575,7/29/2015,0.001263003
576,7/30/2015,0.000884102
577,7/31/2015,0.000618872
578,8/1/2015,0.00043321
579,8/2/2015,0.000303247
580,8/3/2015,0.000212273
581,8/4/2015,0.000148591
582,8/5/2015,0.000104014
583,8/6/2015,7.28E-05
584,8/7/2015,0.01993107
585,8/8/2015,0.013951749
586,8/9/2015,0.009766224
587,8/10/2015,0.006836357
588,8/11/2015,0.311538657
589,8/12/2015,0.21807706
590,8/13/2015,0.152653942
591,8/14/2015,0.106857759
592,8/15/2015,0.074800431
593,8/16/2015,0.052360302
594,8/17/2015,0.076333374
595,8/18/2015,0.053433362
596,8/19/2015,0.037403353
597,8/20/2015,0.132023047
598,8/21/2015,0.092416133
599,8/22/2015,0.064691293
600,8/23/2015,0.045283905
601,8/24/2015,0.031698734
602,8/25/2015,0.022189114
603,8/26/2015,0.015532379
604,8/27/2015,0.010872666
605,8/28/2015,0.007610866
606,8/29/2015,0.005327606
607,8/30/2015,0.003729324
608,8/31/2015,0.002610527
609,9/1/2015,0.001827369
610,9/2/2015,0.001279158
611,9/3/2015,0.000895411
612,9/4/2015,0.000626788
613,9/5/2015,0.107594532
614,9/6/2015,0.075316172
615,9/7/2015,0.052721321
616,9/8/2015,0.036904924
617,9/9/2015,0.025833447
618,9/10/2015,0.092336454
619,9/11/2015,0.064635518
620,9/12/2015,0.045244862
621,9/13/2015,0.031671404
622,9/14/2015,0.022169983
623,9/15/2015,0.015518988
624,9/16/2015,0.010863291
625,9/17/2015,0.007604304
626,9/18/2015,0.005323013
627,9/19/2015,0.003726109
628,9/20/2015,0.002608276
629,9/21/2015,0.091235731
630,9/22/2015,0.260485939
631,9/23/2015,0.182340157
632,9/24/2015,0.12763811
633,9/25/2015,0.089346677
634,9/26/2015,0.223052467
635,9/27/2015,0.397954782
636,9/28/2015,0.634832236
637,9/29/2015,0.58704576
638,9/30/2015,0.616650782
639,10/1/2015,0.431655547
640,10/2/2015,0.389861323
641,10/3/2015,0.510780009
642,10/4/2015,0.498632812
643,10/5/2015,0.349042968
644,10/6/2015,0.244330078
645,10/7/2015,0.171031055
646,10/8/2015,0.119721738
647,10/9/2015,0.083805217
648,10/10/2015,0.179784773
649,10/11/2015,0.12742573
650,10/12/2015,0.089198011
651,10/13/2015,0.062438608
652,10/14/2015,0.043707025
653,10/15/2015,0.030594918
654,10/16/2015,0.021416442
655,10/17/2015,0.01499151
656,10/18/2015,0.010494057
657,10/19/2015,0.00734584
658,10/20/2015,0.005142088
659,10/21/2015,0.003599461
660,10/22/2015,0.002519623
661,10/23/2015,0.001763736
662,10/24/2015,0.001234615
663,10/25/2015,0.000864231
664,10/26/2015,0.000604961
665,10/27/2015,0.0259424
666,10/28/2015,0.483001881
667,10/29/2015,0.405886039
668,10/30/2015,0.284120227
669,10/31/2015,0.198884159
670,11/1/2015,0.139218911
671,11/2/2015,0.097453238
672,11/3/2015,0.068217267
673,11/4/2015,0.047752087
674,11/5/2015,0.033426461
675,11/6/2015,0.023398522
676,11/7/2015,0.016378966
677,11/8/2015,0.020754524
678,11/9/2015,0.014528167
679,11/10/2015,0.238231039
680,11/11/2015,0.174643672
681,11/12/2015,0.12225057
682,11/13/2015,0.085575399
683,11/14/2015,0.059902779
684,11/15/2015,0.041931946
685,11/16/2015,0.029352362
686,11/17/2015,0.020546653
687,11/18/2015,0.014382657
688,11/19/2015,0.391953488
689,11/20/2015,0.551023691
690,11/21/2015,0.385716584
691,11/22/2015,0.270001609
692,11/23/2015,0.189001126
693,11/24/2015,0.132300788
694,11/25/2015,0.092610552
695,11/26/2015,0.064827386
696,11/27/2015,0.04537917
697,11/28/2015,0.031765419
698,11/29/2015,0.022235793
699,11/30/2015,0.077893351
700,12/1/2015,0.210193749
701,12/2/2015,0.306114443
702,12/3/2015,0.272764138
703,12/4/2015,0.190934897
704,12/5/2015,0.133654428
705,12/6/2015,0.093558099
706,12/7/2015,0.06549067
707,12/8/2015,0.045843469
708,12/9/2015,0.032090428
709,12/10/2015,0.0224633
710,12/11/2015,0.01572431
711,12/12/2015,0.011007017
712,12/13/2015,0.007704912
713,12/14/2015,0.005393438
714,12/15/2015,0.00498769
715,12/16/2015,0.003491383
716,12/17/2015,0.028443443
717,12/18/2015,0.141999022
718,12/19/2015,0.099399316
719,12/20/2015,0.069579521
720,12/21/2015,0.048705665
721,12/22/2015,0.073725917
722,12/23/2015,0.131609878
723,12/24/2015,0.193567539
724,12/25/2015,0.17340943
725,12/26/2015,0.142352573
726,12/27/2015,0.099646801
727,12/28/2015,0.069752761
728,12/29/2015,0.154110797
729,12/30/2015,0.137277211
730,12/31/2015,0.107680506
731,1/1/2016,0.075376354
732,1/2/2016,0.052763448
733,1/3/2016,0.036934413
734,1/4/2016,0.025854089
735,1/5/2016,0.018097863
736,1/6/2016,0.012668504
737,1/7/2016,0.008867953
738,1/8/2016,0.006207567
739,1/9/2016,0.026433121
740,1/10/2016,0.165473198
741,1/11/2016,0.115831239
742,1/12/2016,0.081081867
743,1/13/2016,0.056757307
744,1/14/2016,0.039730115
745,1/15/2016,0.02781108
746,1/16/2016,0.107571761
747,1/17/2016,0.075300232
748,1/18/2016,0.054554864
749,1/19/2016,0.038188405
750,1/20/2016,0.026731883
751,1/21/2016,0.018712318
752,1/22/2016,0.024151691
753,1/23/2016,0.315539191
754,1/24/2016,0.220877433
755,1/25/2016,0.154614203
756,1/26/2016,0.108229942
757,1/27/2016,0.07576096
758,1/28/2016,0.053032672
759,1/29/2016,0.03712287
760,1/30/2016,0.025986009
761,1/31/2016,0.018190206
762,2/1/2016,0.012733144
763,2/2/2016,0.138226962
764,2/3/2016,0.230620933
765,2/4/2016,0.371961389
766,2/5/2016,0.260372973
767,2/6/2016,0.182261081
768,2/7/2016,0.127582757
769,2/8/2016,0.08930793
770,2/9/2016,0.062515551
771,2/10/2016,0.043760886
772,2/11/2016,0.03063262
773,2/12/2016,0.021442834
774,2/13/2016,0.015009984
775,2/14/2016,0.010506989
776,2/15/2016,0.101554154
777,2/16/2016,0.422546437
778,2/17/2016,0.299702347
779,2/18/2016,0.209791643
780,2/19/2016,0.14685415
781,2/20/2016,0.102797905
782,2/21/2016,0.167806598
783,2/22/2016,0.412813245
784,2/23/2016,0.386074827
785,2/24/2016,0.349071823
786,2/25/2016,0.308194026
787,2/26/2016,0.215735818
788,2/27/2016,0.151015073
789,2/28/2016,0.105710551
790,2/29/2016,0.073997386
791,3/1/2016,0.05179817
792,3/2/2016,0.064550645
793,3/3/2016,0.045185451
794,3/4/2016,0.031629816
795,3/5/2016,0.022140871
796,3/6/2016,0.018082824
797,3/7/2016,0.012657977
798,3/8/2016,0.008860584
799,3/9/2016,0.006202409
800,3/10/2016,0.004341686
801,3/11/2016,0.00303918
802,3/12/2016,0.002127426
803,3/13/2016,0.001489198
804,3/14/2016,0.092253129
805,3/15/2016,0.181741914
806,3/16/2016,0.12721934
807,3/17/2016,0.089053538
808,3/18/2016,0.062337477
809,3/19/2016,0.043636234
810,3/20/2016,0.080595669
811,3/21/2016,0.056416968
812,3/22/2016,0.039491878
813,3/23/2016,0.027644314
814,3/24/2016,0.01935102
815,3/25/2016,0.013545714
816,3/26/2016,0.009482
817,3/27/2016,0.0066374
818,3/28/2016,0.069187915
819,3/29/2016,0.074719936
820,3/30/2016,0.052303955
821,3/31/2016,0.036612769
822,4/1/2016,0.027219234
823,4/2/2016,0.019053464
824,4/3/2016,0.013337425
825,4/4/2016,0.009336197
826,4/5/2016,0.006535338
827,4/6/2016,0.004574737
828,4/7/2016,0.00452741
829,4/8/2016,0.003169187
830,4/9/2016,0.002218431
831,4/10/2016,0.001552902
832,4/11/2016,0.001087031
833,4/12/2016,0.000760922
834,4/13/2016,0.000532645
835,4/14/2016,0.000372852
836,4/15/2016,0.000260996
837,4/16/2016,0.000182697
838,4/17/2016,0.000127888
839,4/18/2016,8.95E-05
840,4/19/2016,6.27E-05
841,4/20/2016,4.39E-05
842,4/21/2016,3.07E-05
843,4/22/2016,2.15E-05
844,4/23/2016,0.028296716
845,4/24/2016,0.019807701
846,4/25/2016,0.013865391
847,4/26/2016,0.009705774
848,4/27/2016,0.006794042
849,4/28/2016,0.029670841
850,4/29/2016,0.050922169
851,4/30/2016,0.035645518
852,5/1/2016,0.128142586
853,5/2/2016,0.168040891
854,5/3/2016,0.132814209
855,5/4/2016,0.092969946
856,5/5/2016,0.07189645
857,5/6/2016,0.119595531
858,5/7/2016,0.083716872
859,5/8/2016,0.05860181
860,5/9/2016,0.041021267
861,5/10/2016,0.028714887
862,5/11/2016,0.030670941
863,5/12/2016,0.265104581
864,5/13/2016,0.347941262
865,5/14/2016,0.243558883
866,5/15/2016,0.170491218
867,5/16/2016,0.119343853
868,5/17/2016,0.083540697
869,5/18/2016,0.071343493
870,5/19/2016,0.049940445
871,5/20/2016,0.034958312
872,5/21/2016,0.138339506
873,5/22/2016,0.096837654
874,5/23/2016,0.067786358
875,5/24/2016,0.047450451
876,5/25/2016,0.033215315
877,5/26/2016,0.023250721
878,5/27/2016,0.016275505
879,5/28/2016,0.011392853
880,5/29/2016,0.007974997
881,5/30/2016,0.060554847
882,5/31/2016,0.042388393
883,6/1/2016,0.029671875
884,6/2/2016,0.020770313
885,6/3/2016,0.014539219
886,6/4/2016,0.010177453
887,6/5/2016,0.084083701
888,6/6/2016,0.058858591
889,6/7/2016,0.041201014
890,6/8/2016,0.02884071
891,6/9/2016,0.020188497
892,6/10/2016,0.014131948
893,6/11/2016,0.009892363
894,6/12/2016,0.006924654
895,6/13/2016,0.004847258
896,6/14/2016,0.003393081
897,6/15/2016,0.002375156
898,6/16/2016,0.362631191
899,6/17/2016,0.345272389
900,6/18/2016,0.241690673
901,6/19/2016,0.169183471
902,6/20/2016,0.11842843
903,6/21/2016,0.082899901
904,6/22/2016,0.05802993
905,6/23/2016,0.040620951
906,6/24/2016,0.375748275
907,6/25/2016,0.344996015
908,6/26/2016,0.24149721
909,6/27/2016,0.169048047
910,6/28/2016,0.118333633
911,6/29/2016,0.082833543
912,6/30/2016,0.05798348
913,7/1/2016,0.040588436
914,7/2/2016,0.028411905
915,7/3/2016,0.196351134
916,7/4/2016,0.163528613
917,7/5/2016,0.179890168
918,7/6/2016,0.125923118
919,7/7/2016,0.088146182
920,7/8/2016,0.061702328
921,7/9/2016,0.043191629
922,7/10/2016,0.030234141
923,7/11/2016,0.021163898
924,7/12/2016,0.014814729
925,7/13/2016,0.023773637
926,7/14/2016,0.016641546
927,7/15/2016,0.011649082
928,7/16/2016,0.008154357
929,7/17/2016,0.00570805
930,7/18/2016,0.003995635
931,7/19/2016,0.002796945
932,7/20/2016,0.001957861
933,7/21/2016,0.001370503
934,7/22/2016,0.000959352
935,7/23/2016,0.000671546
936,7/24/2016,0.000470082
937,7/25/2016,0.000329058
938,7/26/2016,0.000621075
939,7/27/2016,0.000434753
940,7/28/2016,0.11861892
941,7/29/2016,0.295228574
942,7/30/2016,0.242916947
943,7/31/2016,0.192899501
944,8/1/2016,0.263505345
945,8/2/2016,0.184453742
946,8/3/2016,0.143441276
947,8/4/2016,0.157947087
948,8/5/2016,0.170465739
949,8/6/2016,0.119326017
950,8/7/2016,0.083528212
951,8/8/2016,0.077221582
952,8/9/2016,0.070860662
953,8/10/2016,0.067747575
954,8/11/2016,0.047423302
955,8/12/2016,0.033196312
956,8/13/2016,0.023237418
957,8/14/2016,0.016266193
958,8/15/2016,0.011386335
959,8/16/2016,0.196016904
960,8/17/2016,0.137211833
961,8/18/2016,0.096048283
962,8/19/2016,0.067233798
963,8/20/2016,0.047063659
964,8/21/2016,0.043683723
965,8/22/2016,0.035686705
966,8/23/2016,0.024980693
967,8/24/2016,0.017486485
968,8/25/2016,0.01224054
969,8/26/2016,0.008568378
970,8/27/2016,0.005997864
971,8/28/2016,0.004198505
972,8/29/2016,0.002938954
973,8/30/2016,0.002057268
974,8/31/2016,0.001440087
975,9/1/2016,0.14523287
976,9/2/2016,0.151924464
977,9/3/2016,0.106347125
978,9/4/2016,0.074442988
979,9/5/2016,0.052110091
980,9/6/2016,0.036477064
981,9/7/2016,0.025533945
982,9/8/2016,0.017873761
983,9/9/2016,0.012511633
984,9/10/2016,0.008758143
985,9/11/2016,0.0061307
986,9/12/2016,0.00429149
987,9/13/2016,0.003004043
988,9/14/2016,0.00210283
989,9/15/2016,0.001471981
990,9/16/2016,0.001030387
991,9/17/2016,0.000721271
992,9/18/2016,0.00050489
993,9/19/2016,0.153777517
994,9/20/2016,0.107644262
995,9/21/2016,0.075350983
996,9/22/2016,0.052745688
997,9/23/2016,0.036921982
998,9/24/2016,0.025845387
999,9/25/2016,0.018091771
1000,9/26/2016,0.01266424
1001,9/27/2016,0.161020769
1002,9/28/2016,0.182954992
1003,9/29/2016,0.34718655
1004,9/30/2016,0.373082668
1005,10/1/2016,0.412491201
1006,10/2/2016,0.288743841
1007,10/3/2016,0.202120689
1008,10/4/2016,0.141484482
1009,10/5/2016,0.099039137
1010,10/6/2016,0.069327396
1011,10/7/2016,0.100428897
1012,10/8/2016,0.844474721
1013,10/9/2016,0.591132305
1014,10/10/2016,0.413792613
1015,10/11/2016,0.289654829
1016,10/12/2016,0.202758381
1017,10/13/2016,0.141930866
1018,10/14/2016,0.099351606
1019,10/15/2016,0.069546125
1020,10/16/2016,0.048682287
1021,10/17/2016,0.034077601
1022,10/18/2016,0.023854321
1023,10/19/2016,0.016698025
1024,10/20/2016,0.011688617
1025,10/21/2016,0.008182032
1026,10/22/2016,0.02150097
1027,10/23/2016,0.015050679
1028,10/24/2016,0.010535475
1029,10/25/2016,0.007374833
1030,10/26/2016,0.005162383
1031,10/27/2016,0.003613668
1032,10/28/2016,0.002529568
1033,10/29/2016,0.001770697
1034,10/30/2016,0.001239488
1035,10/31/2016,0.000867642
1036,11/1/2016,0.000607349
1037,11/2/2016,0.000425144
1038,11/3/2016,0.000297601
1039,11/4/2016,0.000208321
1040,11/5/2016,0.000145825
1041,11/6/2016,0.000102077
1042,11/7/2016,7.15E-05
1043,11/8/2016,5.00E-05
1044,11/9/2016,3.50E-05
1045,11/10/2016,2.45E-05
1046,11/11/2016,1.72E-05
1047,11/12/2016,1.20E-05
1048,11/13/2016,8.41E-06
1049,11/14/2016,5.88E-06
1050,11/15/2016,4.12E-06
1051,11/16/2016,2.88E-06
1052,11/17/2016,2.02E-06
1053,11/18/2016,1.41E-06
1054,11/19/2016,9.89E-07
1055,11/20/2016,6.92E-07
1056,11/21/2016,4.85E-07
1057,11/22/2016,3.39E-07
1058,11/23/2016,2.37E-07
1059,11/24/2016,1.66E-07
1060,11/25/2016,1.16E-07
1061,11/26/2016,8.14E-08
1062,11/27/2016,5.70E-08
1063,11/28/2016,3.99E-08
1064,11/29/2016,0.016891582
1065,11/30/2016,0.122839828
1066,12/1/2016,0.15874657
1067,12/2/2016,0.111122599
1068,12/3/2016,0.077785819
1069,12/4/2016,0.054450073
1070,12/5/2016,0.082982015
1071,12/6/2016,0.06302734
1072,12/7/2016,0.354194832
1073,12/8/2016,0.247936383
1074,12/9/2016,0.173555468
1075,12/10/2016,0.121488828
1076,12/11/2016,0.085042179
1077,12/12/2016,0.07679839
1078,12/13/2016,0.053758873
1079,12/14/2016,0.037631211
1080,12/15/2016,0.026341848
1081,12/16/2016,0.018439293
1082,12/17/2016,0.012907505
1083,12/18/2016,0.009035254
1084,12/19/2016,0.011784887
1085,12/20/2016,0.008249421
1086,12/21/2016,0.005774594
1087,12/22/2016,0.004042216
1088,12/23/2016,0.002829551
1089,12/24/2016,0.057613191
1090,12/25/2016,0.071620553
1091,12/26/2016,0.050134387
1092,12/27/2016,0.035094071
1093,12/28/2016,0.02456585
1094,12/29/2016,0.060518602
1095,12/30/2016,0.042363022
1096,12/31/2016,0.029654115
1097,1/1/2017,0.020757881
1098,1/2/2017,0.027365698
1099,1/3/2017,0.117916752
1100,1/4/2017,0.08490631
1101,1/5/2017,0.059434417
1102,1/6/2017,0.041604092
1103,1/7/2017,0.082051098
1104,1/8/2017,0.063310245
1105,1/9/2017,0.044317172
1106,1/10/2017,0.03102202
1107,1/11/2017,0.021715414
1108,1/12/2017,0.064586057
1109,1/13/2017,0.04521024
1110,1/14/2017,0.042058678
1111,1/15/2017,0.033618505
1112,1/16/2017,0.031966634
1113,1/17/2017,0.022376644
1114,1/18/2017,0.037764862
1115,1/19/2017,0.026435403
1116,1/20/2017,0.028901438
1117,1/21/2017,0.053492812
1118,1/22/2017,0.099483753
1119,1/23/2017,0.276933766
1120,1/24/2017,0.388458845
1121,1/25/2017,0.271921191
1122,1/26/2017,0.190344834
1123,1/27/2017,0.133241384
1124,1/28/2017,0.093268969
1125,1/29/2017,0.065288278
1126,1/30/2017,0.054557131
1127,1/31/2017,0.038189991
1128,2/1/2017,0.026732994
1129,2/2/2017,0.018713096
1130,2/3/2017,0.013099167
1131,2/4/2017,0.009169417
1132,2/5/2017,0.006418592
1133,2/6/2017,0.004493014
1134,2/7/2017,0.00314511
1135,2/8/2017,0.002201577
1136,2/9/2017,0.027985649
1137,2/10/2017,0.030661127
1138,2/11/2017,0.021462789
1139,2/12/2017,0.015023952
1140,2/13/2017,0.010516767
1141,2/14/2017,0.007361737
1142,2/15/2017,0.005153216
1143,2/16/2017,0.003607251
1144,2/17/2017,0.002525076
1145,2/18/2017,0.001767553
1146,2/19/2017,0.001237287
1147,2/20/2017,0.000866101
1148,2/21/2017,0.000606271
1149,2/22/2017,0.000424389
1150,2/23/2017,0.024130157
1151,2/24/2017,0.01689111
1152,2/25/2017,0.011823777
1153,2/26/2017,0.008276644
1154,2/27/2017,0.005793651
1155,2/28/2017,0.004055555
1156,3/1/2017,0.015731632
1157,3/2/2017,0.032460716
1158,3/3/2017,0.022722501
1159,3/4/2017,0.015905751
1160,3/5/2017,0.011134026
1161,3/6/2017,0.007793818
1162,3/7/2017,0.005455673
1163,3/8/2017,0.026266747
1164,3/9/2017,0.018386723
1165,3/10/2017,0.012870706
1166,3/11/2017,0.009009494
1167,3/12/2017,0.006306646
1168,3/13/2017,0.004414652
1169,3/14/2017,0.051194508
1170,3/15/2017,0.052416379
1171,3/16/2017,0.036691465
1172,3/17/2017,0.025684026
1173,3/18/2017,0.052219473
1174,3/19/2017,0.036553631
1175,3/20/2017,0.025587542
1176,3/21/2017,0.017911279
1177,3/22/2017,0.012537895
1178,3/23/2017,0.008776527
1179,3/24/2017,0.006143569
1180,3/25/2017,0.004300498
1181,3/26/2017,0.003010349
1182,3/27/2017,0.002107244
1183,3/28/2017,0.036799043
1184,3/29/2017,0.02575933
1185,3/30/2017,0.018031531
1186,3/31/2017,0.105893709
1187,4/1/2017,0.143759975
1188,4/2/2017,0.100631982
1189,4/3/2017,0.070442388
1190,4/4/2017,0.157851278
1191,4/5/2017,0.110495895
1192,4/6/2017,0.103671945
1193,4/7/2017,0.080883194
1194,4/8/2017,0.056618236
1195,4/9/2017,0.039632765
1196,4/10/2017,0.027742936
1197,4/11/2017,0.019420055
1198,4/12/2017,0.013594038
1199,4/13/2017,0.009515827
1200,4/14/2017,0.006661079
1201,4/15/2017,0.004662755
1202,4/16/2017,0.131578387
1203,4/17/2017,0.092104871
1204,4/18/2017,0.06716706
1205,4/19/2017,0.047016942
1206,4/20/2017,0.032911859
1207,4/21/2017,0.023038302
1208,4/22/2017,0.016126811
1209,4/23/2017,0.110249829
1210,4/24/2017,0.369912072
1211,4/25/2017,0.540323867
1212,4/26/2017,0.378226707
1213,4/27/2017,0.264758695
1214,4/28/2017,0.185331086
1215,4/29/2017,0.12973176
1216,4/30/2017,0.090812232
1217,5/1/2017,0.063568563
1218,5/2/2017,0.048159139
1219,5/3/2017,0.033711398
1220,5/4/2017,0.023597978
1221,5/5/2017,0.443879522
1222,5/6/2017,0.591312888
1223,5/7/2017,0.413919021
1224,5/8/2017,0.289743315
1225,5/9/2017,0.20282032
1226,5/10/2017,0.187698189
1227,5/11/2017,0.131388732
1228,5/12/2017,0.091972112
1229,5/13/2017,0.195723611
1230,5/14/2017,0.137006528
1231,5/15/2017,0.095904569
1232,5/16/2017,0.067133199
1233,5/17/2017,0.046993239
1234,5/18/2017,0.032895267
1235,5/19/2017,0.023026687
1236,5/20/2017,0.016118681
1237,5/21/2017,0.1955032
1238,5/22/2017,0.217949897
1239,5/23/2017,0.152564928
1240,5/24/2017,0.341705336
1241,5/25/2017,0.526884707
1242,5/26/2017,0.368819295
1243,5/27/2017,0.258173507
1244,5/28/2017,0.180721455
1245,5/29/2017,0.126505018
1246,5/30/2017,0.088553513
1247,5/31/2017,0.061987459
1248,6/1/2017,0.043391221
1249,6/2/2017,0.030373855
1250,6/3/2017,0.021261698
1251,6/4/2017,0.014883189
1252,6/5/2017,0.082919284
1253,6/6/2017,0.167783428
1254,6/7/2017,0.1174484
1255,6/8/2017,0.08221388
1256,6/9/2017,0.057549716
1257,6/10/2017,0.040284801
1258,6/11/2017,0.028199361
1259,6/12/2017,0.019739553
1260,6/13/2017,0.013817687
1261,6/14/2017,0.149187963
1262,6/15/2017,0.104431574
1263,6/16/2017,0.352581907
1264,6/17/2017,0.273605946
1265,6/18/2017,0.191524162
1266,6/19/2017,0.134066913
1267,6/20/2017,0.110907373
1268,6/21/2017,0.077635161
1269,6/22/2017,0.054344613
1270,6/23/2017,0.038041229
1271,6/24/2017,0.02662886
1272,6/25/2017,0.018640202
1273,6/26/2017,0.013048142
1274,6/27/2017,0.009133699
1275,6/28/2017,0.006393589
1276,6/29/2017,0.004475513
1277,6/30/2017,0.003132859
1278,7/1/2017,0.002193001
1279,7/2/2017,0.001535101
1280,7/3/2017,0.001074571
1281,7/4/2017,0.000752199
1282,7/5/2017,0.048325712
1283,7/6/2017,0.078805129
1284,7/7/2017,0.058467113
1285,7/8/2017,0.040926979
1286,7/9/2017,0.028648885
1287,7/10/2017,0.02005422
1288,7/11/2017,0.014037954
1289,7/12/2017,0.009826568
1290,7/13/2017,0.006878597
1291,7/14/2017,0.004815018
1292,7/15/2017,0.003370513
1293,7/16/2017,0.002359359
1294,7/17/2017,0.001651551
1295,7/18/2017,0.001156086
1296,7/19/2017,0.00080926
1297,7/20/2017,0.000566482
1298,7/21/2017,0.000396537
1299,7/22/2017,0.000277576
1300,7/23/2017,0.000194303
1301,7/24/2017,0.162174828
1302,7/25/2017,0.129305152
1303,7/26/2017,0.090513607
1304,7/27/2017,0.063359525
1305,7/28/2017,0.044351667
1306,7/29/2017,0.059149945
1307,7/30/2017,0.041404962
1308,7/31/2017,0.028983473
1309,8/1/2017,0.020288431
1310,8/2/2017,0.014201902
1311,8/3/2017,0.009941331
1312,8/4/2017,0.006958932
1313,8/5/2017,0.004871252
1314,8/6/2017,0.003409877
1315,8/7/2017,0.006559493
1316,8/8/2017,0.108276771
1317,8/9/2017,0.07579374
1318,8/10/2017,0.053055618
1319,8/11/2017,0.037138932
1320,8/12/2017,0.025997253
1321,8/13/2017,0.018198077
1322,8/14/2017,0.012738654
1323,8/15/2017,0.008917058
1324,8/16/2017,0.00624194
1325,8/17/2017,0.004369358
1326,8/18/2017,0.003058551
1327,8/19/2017,0.002140986
1328,8/20/2017,0.00149869
1329,8/21/2017,0.001049083
1330,8/22/2017,0.037051955
1331,8/23/2017,0.025936369
1332,8/24/2017,0.018155458
1333,8/25/2017,0.012708821
1334,8/26/2017,0.008896174
1335,8/27/2017,0.006227322
1336,8/28/2017,0.004359125
1337,8/29/2017,0.003051388
1338,8/30/2017,0.165249638
1339,8/31/2017,0.121068573
1340,9/1/2017,0.084748001
1341,9/2/2017,0.237973352
1342,9/3/2017,0.166581347
1343,9/4/2017,0.116606943
1344,9/5/2017,0.08162486
1345,9/6/2017,0.057137402
1346,9/7/2017,0.125357549
1347,9/8/2017,0.087750284
1348,9/9/2017,0.061425199
1349,9/10/2017,0.042997639
1350,9/11/2017,0.030098348
1351,9/12/2017,0.021068843
1352,9/13/2017,0.133607673
1353,9/14/2017,0.093525371
1354,9/15/2017,0.06546776
1355,9/16/2017,0.045827432
1356,9/17/2017,0.032079202
1357,9/18/2017,0.022455442
1358,9/19/2017,0.015718809
1359,9/20/2017,0.011003166
1360,9/21/2017,0.007702216
1361,9/22/2017,0.005391552
1362,9/23/2017,0.003774086
1363,9/24/2017,0.00264186
1364,9/25/2017,0.001849302
1365,9/26/2017,0.001294512
1366,9/27/2017,0.000906158
1367,9/28/2017,0.000634311
1368,9/29/2017,0.000444017
1369,9/30/2017,0.000310812
1370,10/1/2017,0.000217569
1371,10/2/2017,0.000152298
1372,10/3/2017,0.000106609
1373,10/4/2017,7.46E-05
1374,10/5/2017,5.22E-05
1375,10/6/2017,3.66E-05
1376,10/7/2017,2.56E-05
1377,10/8/2017,1.79E-05
1378,10/9/2017,0.225282433
1379,10/10/2017,0.157697703
1380,10/11/2017,0.304255018
1381,10/12/2017,0.212978513
1382,10/13/2017,0.149084959
1383,10/14/2017,0.104359471
1384,10/15/2017,0.07305163
1385,10/16/2017,0.051136141
1386,10/17/2017,0.035795299
1387,10/18/2017,0.025056709
1388,10/19/2017,0.017539696
1389,10/20/2017,0.012277787
1390,10/21/2017,0.008594451
1391,10/22/2017,0.006016116
1392,10/23/2017,0.004211281
1393,10/24/2017,0.265898934
1394,10/25/2017,0.186129254
1395,10/26/2017,0.130290478
1396,10/27/2017,0.091203334
1397,10/28/2017,0.063842334
1398,10/29/2017,0.133638611
1399,10/30/2017,0.147932444
1400,10/31/2017,0.103552711
1401,11/1/2017,0.072486898
1402,11/2/2017,0.050740828
1403,11/3/2017,0.03551858
1404,11/4/2017,0.03359665
1405,11/5/2017,0.055949124
1406,11/6/2017,0.039164387
1407,11/7/2017,0.027415071
1408,11/8/2017,0.020783484
1409,11/9/2017,0.032383086
1410,11/10/2017,0.02266816
1411,11/11/2017,0.015867712
1412,11/12/2017,0.011107399
1413,11/13/2017,0.020442102
1414,11/14/2017,0.014309471
1415,11/15/2017,0.01001663
1416,11/16/2017,0.007011641
1417,11/17/2017,0.004908149
1418,11/18/2017,0.003435704
1419,11/19/2017,0.015319544
1420,11/20/2017,0.010723681
1421,11/21/2017,0.007506577
1422,11/22/2017,0.005254604
1423,11/23/2017,0.003678223
1424,11/24/2017,0.002574756
1425,11/25/2017,0.001802329
1426,11/26/2017,0.00126163
1427,11/27/2017,0.000883141
1428,11/28/2017,0.000618199
1429,11/29/2017,0.000432739
1430,11/30/2017,0.000302917
1431,12/1/2017,0.000212042
1432,12/2/2017,0.00014843
1433,12/3/2017,0.000103901
1434,12/4/2017,7.27E-05
1435,12/5/2017,5.09E-05
1436,12/6/2017,3.56E-05
1437,12/7/2017,2.49E-05
1438,12/8/2017,1.75E-05
1439,12/9/2017,0.004483491
1440,12/10/2017,0.020862299
1441,12/11/2017,0.014603609
1442,12/12/2017,0.010222527
1443,12/13/2017,0.007155769
1444,12/14/2017,0.005009038
1445,12/15/2017,0.003506327
1446,12/16/2017,0.002454429
1447,12/17/2017,0.0017181
1448,12/18/2017,0.00120267
1449,12/19/2017,0.000841869
1450,12/20/2017,0.000589308
1451,12/21/2017,0.000412516
1452,12/22/2017,0.000288761
1453,12/23/2017,0.007937583
1454,12/24/2017,0.02713741
1455,12/25/2017,0.018996187
1456,12/26/2017,0.013297331
1457,12/27/2017,0.009308132
1458,12/28/2017,0.006515692
1459,12/29/2017,0.004560985
1460,12/30/2017,0.003192689
1461,12/31/2017,0.002234882
1462,1/1/2018,0.001564418
1463,1/2/2018,0.001095092
1464,1/3/2018,0.000766565
1465,1/4/2018,0.000536595
1466,1/5/2018,0.000375617
1467,1/6/2018,0.000262932
1468,1/7/2018,0.000184052
1469,1/8/2018,0.000128837
1470,1/9/2018,0.00749851
1471,1/10/2018,0.005248957
1472,1/11/2018,0.00367427
1473,1/12/2018,0.126757216
1474,1/13/2018,0.148317551
1475,1/14/2018,0.107684439
1476,1/15/2018,0.075379107
1477,1/16/2018,0.052765375
1478,1/17/2018,0.04256634
1479,1/18/2018,0.045323869
1480,1/19/2018,0.031726708
1481,1/20/2018,0.024095407
1482,1/21/2018,0.016866785
1483,1/22/2018,0.011806749
1484,1/23/2018,0.044073283
1485,1/24/2018,0.030851298
1486,1/25/2018,0.021595909
1487,1/26/2018,0.015117136
1488,1/27/2018,0.010581995
1489,1/28/2018,0.013526949
1490,1/29/2018,0.119290048
1491,1/30/2018,0.09824227
1492,1/31/2018,0.068769589
1493,2/1/2018,0.048138712
1494,2/2/2018,0.033697099
1495,2/3/2018,0.023587969
1496,2/4/2018,0.016511578
1497,2/5/2018,0.18852122
1498,2/6/2018,0.131964854
1499,2/7/2018,0.135907573
1500,2/8/2018,0.238694046
1501,2/9/2018,0.167085832
1502,2/10/2018,0.116960083
1503,2/11/2018,0.464481701
1504,2/12/2018,0.345630246
1505,2/13/2018,0.241941172
1506,2/14/2018,0.169358821
1507,2/15/2018,0.118551174
1508,2/16/2018,0.082985822
1509,2/17/2018,0.058090075
1510,2/18/2018,0.048097468
1511,2/19/2018,0.06598849
1512,2/20/2018,0.046191943
1513,2/21/2018,0.03233436
1514,2/22/2018,0.022634052
1515,2/23/2018,0.015843837
1516,2/24/2018,0.011090686
1517,2/25/2018,0.00776348
1518,2/26/2018,0.005434436
1519,2/27/2018,0.003804105
1520,2/28/2018,0.002662874
1521,3/1/2018,0.015380286
1522,3/2/2018,0.047902163
1523,3/3/2018,0.033531514
1524,3/4/2018,0.02347206
1525,3/5/2018,0.016430442
1526,3/6/2018,0.011501309
1527,3/7/2018,0.008050917
1528,3/8/2018,0.005635642
1529,3/9/2018,0.003944949
1530,3/10/2018,0.002761464
1531,3/11/2018,0.001933025
1532,3/12/2018,0.020614371
1533,3/13/2018,0.078030833
1534,3/14/2018,0.054621583
1535,3/15/2018,0.038235108
1536,3/16/2018,0.026764576
1537,3/17/2018,0.018735203
1538,3/18/2018,0.086153744
1539,3/19/2018,0.060307621
1540,3/20/2018,0.170234879
1541,3/21/2018,0.210594971
1542,3/22/2018,0.149781063
1543,3/23/2018,0.104846744
1544,3/24/2018,0.073392721
1545,3/25/2018,0.12253851
1546,3/26/2018,0.085776957
1547,3/27/2018,0.062337784
1548,3/28/2018,0.043636449
1549,3/29/2018,0.030545514
1550,3/30/2018,0.02138186
1551,3/31/2018,0.014967302
1552,4/1/2018,0.010477111
1553,4/2/2018,0.007333978
1554,4/3/2018,0.005133785
1555,4/4/2018,0.003593649
1556,4/5/2018,0.002515554
1557,4/6/2018,0.001760888
1558,4/7/2018,0.001232622
1559,4/8/2018,0.005691539
1560,4/9/2018,0.003984077
1561,4/10/2018,0.002788854
1562,4/11/2018,0.001952198
1563,4/12/2018,0.001366538
1564,4/13/2018,0.000956577
1565,4/14/2018,0.000669604
1566,4/15/2018,0.000468723
1567,4/16/2018,0.271115064
1568,4/17/2018,0.189780545
1569,4/18/2018,0.132846381
1570,4/19/2018,0.092992467
1571,4/20/2018,0.065094727
1572,4/21/2018,0.045566309
1573,4/22/2018,0.031896416
1574,4/23/2018,0.022327491
1575,4/24/2018,0.179455562
1576,4/25/2018,0.360500838
1577,4/26/2018,0.252350587
1578,4/27/2018,0.182914158
1579,4/28/2018,0.12803991
1580,4/29/2018,0.089627937
1581,4/30/2018,0.062739556
1582,5/1/2018,0.043917689
1583,5/2/2018,0.030742382
1584,5/3/2018,0.021519668
1585,5/4/2018,0.015063767
1586,5/5/2018,0.010544637
1587,5/6/2018,0.007381246
1588,5/7/2018,0.005166872
1589,5/8/2018,0.003616811
1590,5/9/2018,0.002531767
1591,5/10/2018,0.001772237
1592,5/11/2018,0.003138186
1593,5/12/2018,0.00219673
1594,5/13/2018,0.001537711
1595,5/14/2018,0.001076398
1596,5/15/2018,0.000753478
1597,5/16/2018,0.306525175
1598,5/17/2018,0.467578039
1599,5/18/2018,0.829384489
1600,5/19/2018,0.855649003
1601,5/20/2018,0.598954302
1602,5/21/2018,0.419268012
1603,5/22/2018,0.32921805
1604,5/23/2018,0.292176623
1605,5/24/2018,0.204523636
1606,5/25/2018,0.143166545
1607,5/26/2018,0.100216582
1608,5/27/2018,0.070151607
1609,5/28/2018,0.109198487
1610,5/29/2018,0.076438941
1611,5/30/2018,0.053507259
1612,5/31/2018,0.08505542
1613,6/1/2018,0.059538794
1614,6/2/2018,0.041677156
1615,6/3/2018,0.029174009
1616,6/4/2018,0.020421806
1617,6/5/2018,0.014295264
1618,6/6/2018,0.010006685
1619,6/7/2018,0.00700468
1620,6/8/2018,0.004903276
1621,6/9/2018,0.003432293
1622,6/10/2018,0.002402605
1623,6/11/2018,0.001681824
1624,6/12/2018,0.008961177
1625,6/13/2018,0.006272824
1626,6/14/2018,0.004390977
1627,6/15/2018,0.003073684
1628,6/16/2018,0.002151579
1629,6/17/2018,0.001506105
1630,6/18/2018,0.015047627
1631,6/19/2018,0.010533339
1632,6/20/2018,0.007373337
1633,6/21/2018,0.005161336
1634,6/22/2018,0.174472519
1635,6/23/2018,0.390342651
1636,6/24/2018,0.273239855
1637,6/25/2018,0.191267899
1638,6/26/2018,0.178808847
1639,6/27/2018,0.15589339
1640,6/28/2018,0.109125373
1641,6/29/2018,0.076387761
1642,6/30/2018,0.053471433
1643,7/1/2018,0.037430003
1644,7/2/2018,0.026201002
1645,7/3/2018,0.018340701
1646,7/4/2018,0.012838491
1647,7/5/2018,0.008986944
1648,7/6/2018,0.038554443
1649,7/7/2018,0.151720245
1650,7/8/2018,0.106204171
1651,7/9/2018,0.07434292
1652,7/10/2018,0.052040044
1653,7/11/2018,0.036428031
1654,7/12/2018,0.025499622
1655,7/13/2018,0.017849735
1656,7/14/2018,0.012494815
1657,7/15/2018,0.00874637
1658,7/16/2018,0.006122459
1659,7/17/2018,0.004285721
1660,7/18/2018,0.003000005
1661,7/19/2018,0.002100003
1662,7/20/2018,0.001470002
1663,7/21/2018,0.001029002
1664,7/22/2018,0.026724106
1665,7/23/2018,0.107199145
1666,7/24/2018,0.237593077
1667,7/25/2018,0.223288697
1668,7/26/2018,0.28083681
1669,7/27/2018,0.196585767
1670,7/28/2018,0.137610037
1671,7/29/2018,0.096327026
1672,7/30/2018,0.097705338
1673,7/31/2018,0.068393737
1674,8/1/2018,0.047875616
1675,8/2/2018,0.084925193
1676,8/3/2018,0.119876982
1677,8/4/2018,0.086770377
1678,8/5/2018,0.060739264
1679,8/6/2018,0.042517485
1680,8/7/2018,0.031433741
1681,8/8/2018,0.022003619
1682,8/9/2018,0.015402533
1683,8/10/2018,0.010781773
1684,8/11/2018,0.007547241
1685,8/12/2018,0.005283069
1686,8/13/2018,0.140597427
1687,8/14/2018,0.098418199
1688,8/15/2018,0.068892739
1689,8/16/2018,0.048224917
1690,8/17/2018,0.033757442
1691,8/18/2018,0.02363021
1692,8/19/2018,0.170090171
1693,8/20/2018,0.119063119
1694,8/21/2018,0.399152945
1695,8/22/2018,0.279407062
1696,8/23/2018,0.195584943
1697,8/24/2018,0.13690946
1698,8/25/2018,0.095836622
1699,8/26/2018,0.067085635
1700,8/27/2018,0.046959945
1701,8/28/2018,0.032871961
1702,8/29/2018,0.023010373
1703,8/30/2018,0.016107261
1704,8/31/2018,0.025529633
1705,9/1/2018,0.017870743
1706,9/2/2018,0.01250952
1707,9/3/2018,0.008756664
1708,9/4/2018,0.006129665
1709,9/5/2018,0.004290765
1710,9/6/2018,0.003003536
1711,9/7/2018,0.002102475
1712,9/8/2018,0.001471733
1713,9/9/2018,0.13275065
1714,9/10/2018,0.144914162
1715,9/11/2018,0.132499487
1716,9/12/2018,0.499105338
1717,9/13/2018,0.349373736
1718,9/14/2018,0.244561615
1719,9/15/2018,0.191999176
1720,9/16/2018,0.134399423
1721,9/17/2018,0.668063702
1722,9/18/2018,0.743512647
1723,9/19/2018,0.520458853
1724,9/20/2018,0.364321197
1725,9/21/2018,0.255024838
1726,9/22/2018,0.178517386
1727,9/23/2018,0.56197754
1728,9/24/2018,0.398665181
1729,9/25/2018,0.283006599
1730,9/26/2018,0.198104619
1731,9/27/2018,0.138673233
1732,9/28/2018,0.27556872
1733,9/29/2018,0.192898104
1734,9/30/2018,0.135028673
1735,10/1/2018,0.094520071
1736,10/2/2018,0.06616405
1737,10/3/2018,0.046314835
1738,10/4/2018,0.048081002
1739,10/5/2018,0.033656702
1740,10/6/2018,0.036120828
1741,10/7/2018,0.02528458
1742,10/8/2018,0.074638927
1743,10/9/2018,0.052247249
1744,10/10/2018,0.045519049
1745,10/11/2018,0.156771617
1746,10/12/2018,0.573198465
1747,10/13/2018,0.401238926
1748,10/14/2018,0.280867248
1749,10/15/2018,0.196607074
1750,10/16/2018,0.137624952
1751,10/17/2018,0.096886111
1752,10/18/2018,0.067820278
1753,10/19/2018,0.047474194
1754,10/20/2018,0.033231936
1755,10/21/2018,0.023262355
1756,10/22/2018,0.016283649
1757,10/23/2018,0.011398554
1758,10/24/2018,0.007978988
1759,10/25/2018,0.005585291
1760,10/26/2018,0.003909704
1761,10/27/2018,0.217766038
1762,10/28/2018,0.152436227
1763,10/29/2018,0.123526381
1764,10/30/2018,0.086468467
1765,10/31/2018,0.060527927
1766,11/1/2018,0.042369549
1767,11/2/2018,0.029658684
1768,11/3/2018,0.081847569
1769,11/4/2018,0.057293298
1770,11/5/2018,0.046767794
1771,11/6/2018,0.032737456
1772,11/7/2018,0.031097515
1773,11/8/2018,0.021768261
1774,11/9/2018,0.02816566
1775,11/10/2018,0.073404138
1776,11/11/2018,0.051382897
1777,11/12/2018,0.035968028
1778,11/13/2018,0.21509276
1779,11/14/2018,0.153087154
1780,11/15/2018,0.161861702
1781,11/16/2018,0.369860483
1782,11/17/2018,0.258902338
1783,11/18/2018,0.181231637
1784,11/19/2018,0.126862146
1785,11/20/2018,0.088803502
1786,11/21/2018,0.062162451
1787,11/22/2018,0.043513716
1788,11/23/2018,0.030459601
1789,11/24/2018,0.025145763
1790,11/25/2018,0.214341946
1791,11/26/2018,0.150039362
1792,11/27/2018,0.105027553
1793,11/28/2018,0.073519287
1794,11/29/2018,0.051463501
1795,11/30/2018,0.040077397
1796,12/1/2018,0.058816738
1797,12/2/2018,0.065526925
1798,12/3/2018,0.045868847
1799,12/4/2018,0.032108193
1800,12/5/2018,0.022475735
1801,12/6/2018,0.015733015
1802,12/7/2018,0.01101311
1803,12/8/2018,0.007709177
1804,12/9/2018,0.03251528
1805,12/10/2018,0.247857817
1806,12/11/2018,0.173500472
1807,12/12/2018,0.121450331
1808,12/13/2018,0.085015231
1809,12/14/2018,0.059510662
1810,12/15/2018,0.199491146
1811,12/16/2018,0.356330423
1812,12/17/2018,0.348499596
1813,12/18/2018,0.243949717
1814,12/19/2018,0.170764802
1815,12/20/2018,0.119535361
1816,12/21/2018,0.390615482
1817,12/22/2018,0.320958962
1818,12/23/2018,0.224671274
1819,12/24/2018,0.157269892
1820,12/25/2018,0.110088924
1821,12/26/2018,0.077062247
1822,12/27/2018,0.053943573
1823,12/28/2018,0.203663316
1824,12/29/2018,0.276872654
1825,12/30/2018,0.193810858
1826,12/31/2018,0.135667601
1827,1/1/2019,0.100739304
1828,1/2/2019,0.070517513
1829,1/3/2019,0.073604399
1830,1/4/2019,0.066577593
1831,1/5/2019,0.099570982
1832,1/6/2019,0.069699687
1833,1/7/2019,0.048789781
1834,1/8/2019,0.034152847
1835,1/9/2019,0.023906993
1836,1/10/2019,0.016734895
1837,1/11/2019,0.011714426
1838,1/12/2019,0.008200099
1839,1/13/2019,0.122952382
1840,1/14/2019,0.090198651
1841,1/15/2019,0.063139056
1842,1/16/2019,0.044197339
1843,1/17/2019,0.030938137
1844,1/18/2019,0.03217666
1845,1/19/2019,0.022523662
1846,1/20/2019,0.150328967
1847,1/21/2019,0.125971428
1848,1/22/2019,0.08818
1849,1/23/2019,0.061726
1850,1/24/2019,0.124361529
1851,1/25/2019,0.087683626
1852,1/26/2019,0.061378538
1853,1/27/2019,0.042964977
1854,1/28/2019,0.030075484
1855,1/29/2019,0.021052839
1856,1/30/2019,0.014736987
1857,1/31/2019,0.010315891
1858,2/1/2019,0.007221124
1859,2/2/2019,0.005054787
1860,2/3/2019,0.003538351
1861,2/4/2019,0.045774715
1862,2/5/2019,0.146257071
1863,2/6/2019,0.10237995
1864,2/7/2019,0.071665965
1865,2/8/2019,0.059766719
1866,2/9/2019,0.041836704
1867,2/10/2019,0.029285692
1868,2/11/2019,0.049426016
1869,2/12/2019,0.120094094
1870,2/13/2019,0.143038776
1871,2/14/2019,0.100127143
1872,2/15/2019,0.070089
1873,2/16/2019,0.0490623
1874,2/17/2019,0.101828392
1875,2/18/2019,0.209213902
1876,2/19/2019,0.146449731
1877,2/20/2019,0.216031469
1878,2/21/2019,0.293885223
1879,2/22/2019,0.239612017
1880,2/23/2019,0.362806537
1881,2/24/2019,0.420273604
1882,2/25/2019,0.339118606
1883,2/26/2019,0.237383024
1884,2/27/2019,0.166168117
1885,2/28/2019,0.116317682
1886,3/1/2019,0.101658207
1887,3/2/2019,0.173786593
1888,3/3/2019,0.121650615
1889,3/4/2019,0.190096872
1890,3/5/2019,0.13306781
1891,3/6/2019,0.093147467
1892,3/7/2019,0.065203227
1893,3/8/2019,0.045642259
1894,3/9/2019,0.058218929
1895,3/10/2019,0.070570269
1896,3/11/2019,0.054916549
1897,3/12/2019,0.038441584
1898,3/13/2019,0.026909109
1899,3/14/2019,0.018836376
1900,3/15/2019,0.013185463
1901,3/16/2019,0.009229824
1902,3/17/2019,0.006460877
1903,3/18/2019,0.004522614
1904,3/19/2019,0.00316583
1905,3/20/2019,0.002216081
1906,3/21/2019,0.005150453
1907,3/22/2019,0.003605317
1908,3/23/2019,0.002523722
1909,3/24/2019,0.001766605
1910,3/25/2019,0.001236624
1911,3/26/2019,0.004694384
1912,3/27/2019,0.003286069
1913,3/28/2019,0.002300248
1914,3/29/2019,0.001610174
1915,3/30/2019,0.001127122
1916,3/31/2019,0.000788985
1917,4/1/2019,0.00055229
1918,4/2/2019,0.000386603
1919,4/3/2019,0.000270622
1920,4/4/2019,0.000189435
1921,4/5/2019,0.000132605
1922,4/6/2019,0.082938442
1923,4/7/2019,0.058056909
1924,4/8/2019,0.040639836
1925,4/9/2019,0.098700289
1926,4/10/2019,0.069090202
1927,4/11/2019,0.048363141
1928,4/12/2019,0.033854199
1929,4/13/2019,0.071245732
1930,4/14/2019,0.049872012
1931,4/15/2019,0.375293549
1932,4/16/2019,0.262705484
1933,4/17/2019,0.183893839
1934,4/18/2019,0.128725687
1935,4/19/2019,0.090107981
1936,4/20/2019,0.278546037
1937,4/21/2019,0.194982226
1938,4/22/2019,0.136487558
1939,4/23/2019,0.095541291
1940,4/24/2019,0.066878903
1941,4/25/2019,0.046815232
1942,4/26/2019,0.032770663
1943,4/27/2019,0.028280004
1944,4/28/2019,0.019796003
1945,4/29/2019,0.013857202
1946,4/30/2019,0.009700041
1947,5/1/2019,0.006790029
1948,5/2/2019,0.00475302
1949,5/3/2019,0.003327114
1950,5/4/2019,0.129489293
1951,5/5/2019,0.090642505
1952,5/6/2019,0.06521154
1953,5/7/2019,0.045648078
1954,5/8/2019,0.031953655
1955,5/9/2019,0.022367558
1956,5/10/2019,0.015657291
1957,5/11/2019,0.010960104
1958,5/12/2019,0.064762888
1959,5/13/2019,0.075256507
1960,5/14/2019,0.052679555
1961,5/15/2019,0.036875688
1962,5/16/2019,0.025812982
1963,5/17/2019,0.018069087
1964,5/18/2019,0.012648361
1965,5/19/2019,0.008853853
1966,5/20/2019,0.006197697
1967,5/21/2019,0.004338388
1968,5/22/2019,0.003036871
1969,5/23/2019,0.00212581
1970,5/24/2019,0.001488067
1971,5/25/2019,0.001041647
1972,5/26/2019,0.006980847
1973,5/27/2019,0.033059676
1974,5/28/2019,0.023141773
1975,5/29/2019,0.016199241
1976,5/30/2019,0.026709987
1977,5/31/2019,0.018696991
1978,6/1/2019,0.07085942
1979,6/2/2019,0.049601594
1980,6/3/2019,0.034721116
1981,6/4/2019,0.024304781
1982,6/5/2019,0.017013347
1983,6/6/2019,0.011909343
1984,6/7/2019,0.026940675
1985,6/8/2019,0.274409123
1986,6/9/2019,0.605888469
1987,6/10/2019,0.462743456
1988,6/11/2019,0.381458614
1989,6/12/2019,0.26702103
1990,6/13/2019,0.186914721
1991,6/14/2019,0.130840305
1992,6/15/2019,0.091588213
1993,6/16/2019,0.064111749
1994,6/17/2019,0.044878224
1995,6/18/2019,0.035452408
1996,6/19/2019,0.024816686
1997,6/20/2019,0.019638793
1998,6/21/2019,0.013747155
1999,6/22/2019,0.009623008
2000,6/23/2019,0.006736106
2001,6/24/2019,0.004715274
2002,6/25/2019,0.031579465
2003,6/26/2019,0.022105625
2004,6/27/2019,0.015473938
2005,6/28/2019,0.010831756
2006,6/29/2019,0.00758223
2007,6/30/2019,0.025321693
2008,7/1/2019,0.017725185
2009,7/2/2019,0.01240763
2010,7/3/2019,0.008685341
2011,7/4/2019,0.006079739
2012,7/5/2019,0.004255817
2013,7/6/2019,0.002979072
2014,7/7/2019,0.00208535
2015,7/8/2019,0.012374237
2016,7/9/2019,0.008661966
2017,7/10/2019,0.006063376
2018,7/11/2019,0.004244363
2019,7/12/2019,0.002971054
2020,7/13/2019,0.002079738
2021,7/14/2019,0.001455817
2022,7/15/2019,0.001019072
2023,7/16/2019,0.0054298
2024,7/17/2019,0.00380086
2025,7/18/2019,0.002660602
2026,7/19/2019,0.001862421
2027,7/20/2019,0.001303695
2028,7/21/2019,0.000912587
2029,7/22/2019,0.539963664
2030,7/23/2019,0.506450259
2031,7/24/2019,0.400230459
2032,7/25/2019,0.280161321
2033,7/26/2019,0.196112925
2034,7/27/2019,0.137279047
2035,7/28/2019,0.096095333
2036,7/29/2019,0.067266733
2037,7/30/2019,0.047086713
2038,7/31/2019,0.048003575
2039,8/1/2019,0.033602503
2040,8/2/2019,0.045166669
2041,8/3/2019,0.031616668
2042,8/4/2019,0.022131668
2043,8/5/2019,0.015492168
2044,8/6/2019,0.010844517
2045,8/7/2019,0.007591162
2046,8/8/2019,0.005313813
2047,8/9/2019,0.003719669
2048,8/10/2019,0.002603769
2049,8/11/2019,0.001822638
2050,8/12/2019,0.001275847
2051,8/13/2019,0.000893093
2052,8/14/2019,0.000625165
2053,8/15/2019,0.000437615
2054,8/16/2019,0.026913861
2055,8/17/2019,0.130501406
2056,8/18/2019,0.091350984
2057,8/19/2019,0.063945689
2058,8/20/2019,0.044761982
2059,8/21/2019,0.031333387
2060,8/22/2019,0.021933371
2061,8/23/2019,0.056083702
2062,8/24/2019,0.315389572
2063,8/25/2019,0.220772701
2064,8/26/2019,0.15454089
2065,8/27/2019,0.108178623
2066,8/28/2019,0.075725036
2067,8/29/2019,0.053007525
2068,8/30/2019,0.037105268
2069,8/31/2019,0.025973687
2070,9/1/2019,0.018181581
2071,9/2/2019,0.012727107
2072,9/3/2019,0.008908975
2073,9/4/2019,0.006236282
2074,9/5/2019,0.004365398
2075,9/6/2019,0.003055778
2076,9/7/2019,0.002139045
2077,9/8/2019,0.001497331
2078,9/9/2019,0.001048132
2079,9/10/2019,0.000733692
2080,9/11/2019,0.000513585
2081,9/12/2019,0.098222399
2082,9/13/2019,0.068755679
2083,9/14/2019,0.048128976
2084,9/15/2019,0.045229337
2085,9/16/2019,0.031660536
2086,9/17/2019,0.022162375
2087,9/18/2019,0.015513663
2088,9/19/2019,0.010859564
2089,9/20/2019,0.007601695
2090,9/21/2019,0.005321186
2091,9/22/2019,0.00372483
2092,9/23/2019,0.002607381
2093,9/24/2019,0.001825167
2094,9/25/2019,0.001277617
2095,9/26/2019,0.000894332
2096,9/27/2019,0.000626032
2097,9/28/2019,0.000438223
2098,9/29/2019,0.091305542
2099,9/30/2019,0.063913879
2100,10/1/2019,0.044739715
2101,10/2/2019,0.031317801
2102,10/3/2019,0.021922461
2103,10/4/2019,0.015345722
2104,10/5/2019,0.010742006
2105,10/6/2019,0.036723419
2106,10/7/2019,0.025706393
2107,10/8/2019,0.038823812
2108,10/9/2019,0.077530848
2109,10/10/2019,0.054271593
2110,10/11/2019,0.037990115
2111,10/12/2019,0.026593081
2112,10/13/2019,0.018615157
2113,10/14/2019,0.01303061
2114,10/15/2019,0.009121427
2115,10/16/2019,0.043593022
2116,10/17/2019,0.168462881
2117,10/18/2019,0.117924017
2118,10/19/2019,0.082546812
2119,10/20/2019,0.385241211
2120,10/21/2019,0.269668848
2121,10/22/2019,0.188768193
2122,10/23/2019,0.211231155
2123,10/24/2019,0.147861808
2124,10/25/2019,0.103503266
2125,10/26/2019,0.072452286
2126,10/27/2019,0.226165256
2127,10/28/2019,0.301767068
2128,10/29/2019,0.211236948
2129,10/30/2019,0.147865863
2130,10/31/2019,0.24031355
2131,11/1/2019,0.317188235
2132,11/2/2019,0.222031764
2133,11/3/2019,0.155422235
2134,11/4/2019,0.108795564
2135,11/5/2019,0.076156895
2136,11/6/2019,0.053309827
2137,11/7/2019,0.037316879
2138,11/8/2019,0.026121815
2139,11/9/2019,0.018285271
2140,11/10/2019,0.012799689
2141,11/11/2019,0.008959783
2142,11/12/2019,0.006271848
2143,11/13/2019,0.005282304
2144,11/14/2019,0.003697613
2145,11/15/2019,0.002588329
2146,11/16/2019,0.00181183
2147,11/17/2019,0.001268281
2148,11/18/2019,0.000887797
2149,11/19/2019,0.030397532
2150,11/20/2019,0.021278272
2151,11/21/2019,0.01489479
2152,11/22/2019,0.010426353
2153,11/23/2019,0.007298447
2154,11/24/2019,0.101083363
2155,11/25/2019,0.070758354
2156,11/26/2019,0.049530848
2157,11/27/2019,0.053696128
2158,11/28/2019,0.048070276
2159,11/29/2019,0.033649193
2160,11/30/2019,0.023554435
2161,12/1/2019,0.197220796
2162,12/2/2019,0.232874349
2163,12/3/2019,0.163012044
2164,12/4/2019,0.114108431
2165,12/5/2019,0.079875902
2166,12/6/2019,0.055913131
2167,12/7/2019,0.039139192
2168,12/8/2019,0.027397434
2169,12/9/2019,0.033975555
2170,12/10/2019,0.104930109
2171,12/11/2019,0.08283059
2172,12/12/2019,0.057981413
2173,12/13/2019,0.075527463
2174,12/14/2019,0.188587341
2175,12/15/2019,0.183401417
2176,12/16/2019,0.128380992
2177,12/17/2019,0.089866694
2178,12/18/2019,0.062906686
2179,12/19/2019,0.04403468
2180,12/20/2019,0.030824276
2181,12/21/2019,0.021576993
2182,12/22/2019,0.015103895
2183,12/23/2019,0.010572727
2184,12/24/2019,0.007400909
2185,12/25/2019,0.005180636
2186,12/26/2019,0.003626445
2187,12/27/2019,0.002538512
2188,12/28/2019,0.001776958
2189,12/29/2019,0.010708864
2190,12/30/2019,0.019231184
2191,12/31/2019,0.013461829
