DateTime,Rch4ox,Kch4ox,vTch4ox,Fsed_ch4,Ksed_ch4,theta_sed_ch4,RMSE
2021-03-16 18:23:05,1e-04,1e-04,1.2,300,0.001,1.15,120.614894530776
2021-03-16 18:22:50,5,5,0.9,300,100,1,6674.39648102313
2021-03-16 18:22:34,5,5,0.9,300,100,1.15,1450.41096875923
2021-03-16 18:22:20,5,5,1.2,0.001,0.001,1.15,120.937190601952
2021-03-16 18:22:04,5,5,0.9,0.001,100,1.15,207.164262912901
2021-03-16 18:21:50,5,5,0.9,300,0.001,1,334.706996174533
2021-03-16 18:21:35,1e-04,1e-04,1.2,300,0.001,1,117.59528689605
2021-03-16 18:21:19,5,5,1.2,300,100,1.15,1443.00228131705
2021-03-16 18:21:04,1e-04,1e-04,0.9,300,100,1.15,1086.2214494003
2021-03-16 18:20:49,1e-04,1e-04,1.2,0.001,100,1,123.905209396973
2021-03-16 18:20:34,1e-04,1e-04,1.2,0.001,100,1.15,131.543338141233
2021-03-16 18:20:19,5,5,0.9,300,100,1.15,1450.41096875923
2021-03-16 18:20:04,5,1e-04,1.2,300,0.001,1,118.375970544237
2021-03-16 18:19:49,5,5,1.2,300,0.001,1.15,120.78127589452
2021-03-16 18:19:34,5,5,1.2,0.001,100,1,159.034201874274
2021-03-16 18:19:19,5,5,0.9,0.001,0.001,1.15,120.747053187481
2021-03-16 18:19:04,1e-04,1e-04,1.2,0.001,0.001,1.15,120.928392230247
2021-03-16 18:18:50,5,5,1.2,300,100,1.15,1444.34311247224
2021-03-16 18:18:35,5,5,0.9,300,100,1.15,1450.41096875923
2021-03-16 18:18:20,5,5,1.2,0.001,0.001,1.15,120.937189945573
2021-03-16 18:18:05,1e-04,1e-04,0.9,0.001,100,1.15,132.047803083299
2021-03-16 18:17:51,1e-04,1e-04,1.2,300,100,1.15,1136.7640069594
2021-03-16 18:17:36,1e-04,5,0.9,300,0.001,1.15,120.641704670231
2021-03-16 18:17:20,1e-04,1e-04,0.9,0.001,0.001,1,120.931487695986
2021-03-16 18:17:05,1e-04,1e-04,1.2,300,0.001,1,117.780509133608
2021-03-16 18:16:50,1e-04,1e-04,1.2,0.001,0.001,1.15,120.928392230247
2021-03-16 18:16:36,5,5,1.2,300,0.001,1,876.588850741177
2021-03-16 18:16:21,1e-04,1e-04,0.9,0.001,0.001,1,120.931487695986
2021-03-16 18:16:06,1e-04,1e-04,1.2,0.001,100,1.15,130.057661827943
2021-03-16 18:15:51,1e-04,1e-04,0.9,0.001,100,1.15,132.047803083299
2021-03-16 18:15:36,5,5,0.9,0.001,100,1,161.199924893787
2021-03-16 18:15:21,1e-04,1e-04,0.9,0.001,0.001,1,120.931487695986
2021-03-16 18:15:06,5,5,0.9,300,0.001,1,334.706996174533
2021-03-16 18:14:51,1e-04,1e-04,1.2,0.001,100,1.15,130.841644145163
2021-03-16 18:14:36,5,5,1.2,300,100,1,6952.5936928167
2021-03-16 18:14:21,1e-04,1e-04,1.2,300,0.001,1,117.780509133608
2021-03-16 18:14:06,5,5,0.9,300,100,1,6674.39648102313
2021-03-16 18:13:51,5,5,0.9,300,100,1,6674.39648102313
2021-03-16 18:13:36,5,5,0.9,300,100,1,6674.39648102313
2021-03-16 18:13:21,1e-04,5,1.2,0.001,100,1.15,130.895092063816
2021-03-16 18:13:06,5,1e-04,1.2,0.001,100,1.15,195.669941638447
2021-03-16 18:12:51,5,5,0.9,300,100,1,6674.39648102313
2021-03-16 18:12:36,1e-04,1e-04,0.9,300,0.001,1,117.652783880114
2021-03-16 18:12:22,5,5,0.9,0.001,100,1.15,207.164262912901
2021-03-16 18:12:07,5,5,0.9,0.001,0.001,1.15,120.747053187481
2021-03-16 18:11:52,5,5,1.2,0.001,100,1.15,212.895524481872
2021-03-16 18:11:51,5,5,1.2,0.001,100,1.15,212.895524481872
2021-03-16 18:11:36,5,5,0.9,300,100,1.15,1450.41096875923
2021-03-16 18:11:21,5,5,0.9,0.001,0.001,1,120.9371928755
2021-03-16 18:11:06,1e-04,1e-04,1.2,0.001,0.001,1,120.927401520149
2021-03-16 18:10:51,5,5,0.9,0.001,0.001,1.15,120.747053187481
2021-03-16 18:10:36,5,5,0.9,0.001,0.001,1.15,120.747053187481
2021-03-16 18:10:21,5,5,0.9,0.001,100,1.15,207.164262912901
2021-03-16 18:10:06,1e-04,1e-04,1.2,0.001,100,1,123.905209396973
2021-03-16 18:09:51,5,5,0.9,300,100,1,6642.00958337688
2021-03-16 18:09:36,5,5,1.2,300,100,1,6952.5936928167
2021-03-16 18:09:21,1e-04,1e-04,1.2,300,0.001,1.15,120.614894530776
2021-03-16 18:09:06,1e-04,1e-04,0.9,0.001,100,1.15,132.047803083299
2021-03-16 18:08:51,5,5,1.2,300,100,1.15,1443.00228131705
2021-03-16 18:08:36,1e-04,1e-04,1.2,0.001,0.001,1.15,120.928392230247
2021-03-16 18:08:21,5,5,1.2,300,0.001,1,876.588850741177
2021-03-16 18:08:06,1e-04,1e-04,1.2,0.001,100,1.15,131.543338141233
2021-03-16 18:07:51,1e-04,1e-04,1.2,300,100,1,5178.92695874562
2021-03-16 18:07:35,5,5,1.2,300,0.001,1.15,120.78127589452
2021-03-16 18:07:20,5,5,0.9,300,0.001,1,334.706996174533
2021-03-16 18:07:05,5,5,0.9,0.001,0.001,1.15,120.747053187481
2021-03-16 18:06:49,5,5,1.2,0.001,100,1.15,218.482445889451
2021-03-16 18:06:35,1e-04,1e-04,1.2,300,0.001,1,117.780509133608
2021-03-16 18:06:20,1e-04,1e-04,1.2,300,0.001,1,117.780509133608
2021-03-16 18:06:05,5,5,1.2,0.001,100,1.15,218.482445889451
2021-03-16 18:05:50,5,5,1.2,0.001,100,1.15,218.482445889451
2021-03-16 18:05:34,1e-04,1e-04,1.2,300,100,1.15,1136.7640069594
2021-03-16 18:05:19,5,5,0.9,0.001,0.001,1.15,120.747053187481
2021-03-16 18:05:05,1e-04,1e-04,0.9,0.001,0.001,1,120.931487695986
2021-03-16 18:04:50,1e-04,1e-04,0.9,300,0.001,1.15,120.612880871087
2021-03-16 18:04:35,1e-04,1e-04,1.2,300,0.001,1.15,120.614894530776
2021-03-16 18:04:20,1e-04,1e-04,1.2,300,0.001,1.15,120.614894530776
2021-03-16 18:04:06,5,1e-04,1.2,300,100,1,1096.72095031066
2021-03-16 18:03:51,1e-04,1e-04,0.9,300,100,1,5245.66462496234
2021-03-16 18:03:36,1e-04,5,1.2,0.001,0.001,1.15,120.932539501336
2021-03-16 18:03:21,1e-04,1e-04,1.2,0.001,0.001,1,120.927401520149
2021-03-16 18:03:06,1e-04,1e-04,0.9,300,100,1.15,1086.2214494003
2021-03-16 18:02:52,5,5,1.2,0.001,100,1,159.034201874274
2021-03-16 18:02:38,1e-04,1e-04,0.9,300,0.001,1,117.655509726511
2021-03-16 18:02:23,1e-04,5,1.2,300,100,1,5598.02962956263
2021-03-16 18:02:08,1e-04,1e-04,0.9,0.001,100,1,122.747303958942
2021-03-16 18:01:53,1e-04,1e-04,0.9,0.001,0.001,1,120.931487695986
2021-03-16 18:01:38,5,5,0.9,300,0.001,1,334.706996174533
2021-03-16 18:01:24,1e-04,1e-04,1.2,0.001,0.001,1,120.927401520149
2021-03-16 18:01:09,1e-04,1e-04,1.2,300,100,1,5178.92695874562
2021-03-16 18:00:55,1e-04,1e-04,1.2,300,100,1,5178.92695874562
2021-03-16 18:00:40,5,5,1.2,0.001,0.001,1.15,120.937189945573
2021-03-16 18:00:25,1e-04,1e-04,1.2,0.001,0.001,1,120.927401520149
2021-03-16 18:00:11,5,5,0.9,300,100,1,6674.39648102313
2021-03-16 17:59:57,1e-04,1e-04,0.9,0.001,100,1.15,132.047803083299
2021-03-16 17:59:41,1e-04,1e-04,0.9,0.001,100,1.15,120.927401520149
2021-03-16 17:59:41,1e-04,1e-04,1.2,0.001,0.001,1,120.927401520149
2021-03-16 17:59:26,5,5,0.9,300,0.001,1,334.706996174533
2021-03-16 17:59:12,1e-04,1e-04,1.2,0.001,100,1.15,131.543338141233
2021-03-16 17:58:57,5,5,0.9,300,0.001,1.15,120.797622731372
2021-03-16 17:58:43,5,5,1.2,0.001,0.001,1.15,120.937190601952
2021-03-16 17:58:28,1e-04,5,0.9,0.001,0.001,1.15,120.929871173143
2021-03-16 17:58:14,5,5,0.9,0.001,100,1.15,207.164262912901
2021-03-16 17:57:59,5,5,1.2,0.001,100,1,159.034201874274
2021-03-16 17:57:45,5,5,0.9,0.001,100,1,161.199924893787
2021-03-16 17:57:30,5,5,0.9,300,0.001,1.15,120.797622731372
2021-03-16 17:57:15,5,5,0.9,300,0.001,1,334.706996174533
2021-03-16 17:57:01,5,5,1.2,300,100,1,6971.39062347811
2021-03-16 17:56:46,5,1e-04,1.2,0.001,0.001,1,120.937194379135
2021-03-16 17:56:32,5,5,1.2,0.001,0.001,1.15,120.937190601952
2021-03-16 17:56:17,5,5,0.9,0.001,0.001,1,120.9371928755
2021-03-16 17:56:02,5,5,0.9,300,100,1.15,1450.41096875923
2021-03-16 17:55:48,5,5,1.2,300,0.001,1,937.912649849863
2021-03-16 17:55:33,5,5,1.2,0.001,100,1.15,218.482445889451
2021-03-16 17:55:19,1e-04,1e-04,0.9,0.001,0.001,1,120.931487695986
2021-03-16 17:55:04,5,5,0.9,300,100,1.15,1450.41096875923
2021-03-16 17:54:49,1e-04,1e-04,0.9,0.001,100,1.15,132.047803083299
2021-03-16 17:54:35,1e-04,1e-04,1.2,300,0.001,1.15,120.614894530776
2021-03-16 17:54:20,5,5,0.9,300,100,1.15,1450.41096875923
2021-03-16 17:54:06,1e-04,1e-04,1.2,300,100,1,5178.92695874562
2021-03-16 17:53:51,5,5,1.2,300,100,1,6971.39062347811
2021-03-16 17:53:37,5,5,0.9,300,0.001,1,334.706996174533
2021-03-16 17:53:22,1e-04,1e-04,1.2,0.001,0.001,1,120.927401520149
2021-03-16 17:53:08,1e-04,1e-04,1.2,300,0.001,1.15,120.614894530776
2021-03-16 17:52:52,5,5,0.9,300,100,1.15,1450.41096875923
2021-03-16 17:52:38,5,5,0.9,300,100,1.15,1450.41096875923
2021-03-16 17:52:24,5,5,0.9,300,100,1,6674.39648102313
2021-03-16 17:52:09,5,5,1.2,0.001,100,1,159.034201874274
2021-03-16 17:51:54,5,1e-04,1.2,300,0.001,1,118.375970544237
2021-03-16 17:51:40,1e-04,1e-04,1.2,0.001,100,1,123.905209396973
2021-03-16 17:51:25,1e-04,1e-04,0.9,0.001,0.001,1.15,120.932428504854
2021-03-16 17:51:11,5,5,0.9,0.001,100,1,161.199924893787
2021-03-16 17:50:56,5,5,1.2,300,100,1.15,1443.00228131705
2021-03-16 17:50:42,5,5,1.2,300,0.001,1,876.588850741177
2021-03-16 17:50:27,1e-04,5,1.2,300,0.001,1,117.733447983787
2021-03-16 17:50:13,5,5,0.9,0.001,100,1.15,207.164262912901
2021-03-16 17:49:58,5,5,0.9,0.001,0.001,1.15,120.747053187481
2021-03-16 17:49:43,1e-04,1e-04,0.9,300,0.001,1,117.652783880114
2021-03-16 17:49:29,1e-04,1e-04,0.9,300,100,1.15,1086.2214494003
2021-03-16 17:49:14,1e-04,1e-04,1.2,0.001,0.001,1.15,120.928392230247
2021-03-16 17:48:59,1e-04,1e-04,0.9,0.001,0.001,1.15,120.932428504854
2021-03-16 17:48:45,1e-04,1e-04,0.9,0.001,0.001,1.15,120.932428504854
2021-03-16 17:48:29,5,5,1.2,0.001,0.001,1.15,120.937190601952
2021-03-16 17:48:14,1e-04,1e-04,0.9,0.001,100,1.15,132.047803083299
2021-03-16 17:47:59,5,5,0.9,300,100,1.15,1450.41096875923
2021-03-16 17:47:45,1e-04,1e-04,0.9,300,0.001,1.15,120.612880871087
2021-03-16 17:47:30,5,5,0.9,0.001,0.001,1,120.9371928755
2021-03-16 17:47:15,5,5,0.9,0.001,100,1.15,207.164262912901
2021-03-16 17:47:00,1e-04,1e-04,1.2,0.001,0.001,1,120.927401520149
2021-03-16 17:46:44,1e-04,1e-04,1.2,0.001,0.001,1,120.927401520149
2021-03-16 17:46:30,5,5,0.9,300,100,1,6674.39648102313
2021-03-16 17:46:16,5,5,0.9,300,0.001,1.15,120.797622731372
2021-03-16 17:46:00,1e-04,1e-04,1.2,0.001,100,1,123.905209396973
2021-03-16 17:45:45,5,5,0.9,0.001,100,1,161.199924893787
2021-03-16 17:45:29,5,5,0.9,0.001,100,1,161.199924893787
2021-03-16 17:45:15,1e-04,1e-04,0.9,0.001,100,1.15,132.047803083299
2021-03-16 17:45:00,1e-04,1e-04,1.2,0.001,100,1,123.905209396973
2021-03-16 17:44:45,5,5,0.9,0.001,100,1.15,207.164262912901
2021-03-16 17:44:29,5,5,0.9,300,100,1.15,1450.41096875923
2021-03-16 17:44:15,5,5,0.9,300,100,1,6674.39648102313
2021-03-16 17:44:00,1e-04,1e-04,1.2,300,0.001,1,117.780509133608
2021-03-16 17:43:45,1e-04,1e-04,1.2,0.001,0.001,1,120.927401520149
2021-03-16 17:43:30,1e-04,1e-04,1.2,0.001,100,1.15,131.543338141233
2021-03-16 17:43:15,1e-04,1e-04,0.9,0.001,100,1,122.747303958942
2021-03-16 17:43:00,1e-04,1e-04,1.2,300,0.001,1,117.780509133608
2021-03-16 17:42:46,5,1e-04,1.2,300,100,1,1096.72095031066
2021-03-16 17:42:31,5,5,0.9,300,0.001,1.15,120.797622731372
2021-03-16 17:42:16,1e-04,1e-04,1.2,300,100,1,5178.92695874562
2021-03-16 17:42:01,1e-04,1e-04,1.2,300,0.001,1,117.780509133608
2021-03-16 17:41:45,5,1e-04,0.9,0.001,100,1,160.830770272812
2021-03-16 17:41:31,5,5,1.2,0.001,100,1,159.034201874274
2021-03-16 17:41:16,5,5,0.9,300,100,1.15,1450.41096875923
2021-03-16 17:41:01,5,5,0.9,0.001,100,1,161.199924893787
2021-03-16 17:40:46,5,5,1.2,300,100,1.15,1443.00228131705
2021-03-16 17:40:31,5,5,0.9,300,0.001,1,118.789480551909
2021-03-16 17:40:16,5,5,0.9,300,100,1.15,1450.41096875923
2021-03-16 17:40:01,5,1e-04,0.9,0.001,0.001,1.15,120.937194695716
2021-03-16 17:39:46,5,5,0.9,300,100,1.15,1450.41096875923
2021-03-16 17:39:31,5,5,1.2,300,100,1,6952.5936928167
2021-03-16 17:39:16,1e-04,1e-04,1.2,0.001,100,1.15,131.543338141233
2021-03-16 17:39:01,5,5,0.9,300,100,1,6674.39648102313
2021-03-16 17:38:47,5,5,0.9,300,100,1.15,1450.41096875923
2021-03-16 17:38:32,5,5,1.2,0.001,0.001,1.15,120.937190601952
2021-03-16 17:38:17,5,5,1.2,0.001,0.001,1,120.937189594635
2021-03-16 17:38:02,1e-04,1e-04,1.2,0.001,100,1,123.905209396973
2021-03-16 17:37:47,5,5,0.9,0.001,100,1,161.199924893787
2021-03-16 17:37:32,5,5,1.2,300,100,1.15,1443.00228131705
2021-03-16 17:37:17,5,5,0.9,300,100,1,6642.00958337688
2021-03-16 17:37:02,1e-04,1e-04,1.2,0.001,0.001,1,120.927401520149
2021-03-16 17:36:47,5,5,0.9,0.001,0.001,1.15,120.747053187481
2021-03-16 17:36:32,1e-04,1e-04,0.9,300,0.001,1.15,120.612880871087
2021-03-16 17:36:17,5,5,0.9,0.001,0.001,1,120.9371928755
2021-03-16 17:36:02,1e-04,1e-04,1.2,0.001,0.001,1.15,120.928392230247
2021-03-16 17:35:47,1e-04,1e-04,1.2,300,100,1.15,1136.7640069594
2021-03-16 17:35:32,1e-04,1e-04,0.9,0.001,100,1,122.747303958942
2021-03-16 17:35:17,5,5,1.2,300,100,1,6952.5936928167
2021-03-16 17:35:02,5,5,1.2,300,0.001,1.15,120.78127589452
2021-03-16 17:34:47,5,5,0.9,0.001,100,1.15,207.164262912901
2021-03-16 17:34:32,1e-04,1e-04,1.2,300,100,1,5178.92695874562
2021-03-16 17:34:17,5,5,1.2,300,100,1.15,1443.00228131705
2021-03-16 17:34:03,5,5,1.2,0.001,0.001,1.15,120.937190601952
2021-03-16 17:33:48,1e-04,1e-04,0.9,0.001,100,1,122.747303958942
2021-03-16 17:33:32,1e-04,5,1.2,300,0.001,1,117.8748720564
2021-03-16 17:33:17,1e-04,1e-04,1.2,0.001,0.001,1.15,120.928392230247
2021-03-16 17:33:02,5,5,0.9,0.001,100,1.15,207.164262912901
2021-03-16 17:32:47,1e-04,1e-04,0.9,300,100,1.15,1086.2214494003
2021-03-16 17:32:32,1e-04,1e-04,0.9,0.001,0.001,1,120.931487695986
2021-03-16 17:32:17,1e-04,1e-04,1.2,0.001,100,1.15,130.057661827943
2021-03-16 17:32:02,5,5,0.9,0.001,100,1.15,207.164262912901
2021-03-16 17:31:47,5,5,1.2,0.001,100,1.15,218.482445889451
2021-03-16 17:31:31,5,5,0.9,0.001,0.001,1,120.9371928755
2021-03-16 17:31:16,5,5,1.2,300,100,1,6952.5936928167
2021-03-16 17:31:02,5,5,0.9,0.001,0.001,1,120.9371928755
2021-03-16 17:30:47,1e-04,1e-04,1.2,300,0.001,1.15,120.614894530776
2021-03-16 17:30:32,1e-04,1e-04,0.9,300,0.001,1,117.652783880114
2021-03-16 17:30:17,1e-04,1e-04,1.2,0.001,0.001,1,120.927401520149
2021-03-16 17:30:02,1e-04,1e-04,0.9,0.001,0.001,1,120.931487695986
2021-03-16 17:29:47,5,5,1.2,0.001,100,1.15,218.482445889451
2021-03-16 17:29:32,1e-04,1e-04,0.9,300,0.001,1.15,120.612880871087
2021-03-16 17:29:17,5,5,0.9,0.001,100,1,161.199924893787
2021-03-16 17:29:02,5,5,1.2,0.001,0.001,1,120.937189594635
2021-03-16 17:28:47,1e-04,1e-04,1.2,300,100,1.15,1136.7640069594
2021-03-16 17:28:33,5,5,0.9,0.001,0.001,1.15,120.747053187481
2021-03-16 17:28:18,5,5,0.9,0.001,0.001,1,120.9371928755
2021-03-16 17:28:02,5,5,0.9,300,0.001,1,118.789480551909
2021-03-16 17:27:48,5,5,0.9,300,100,1,6674.39648102313
2021-03-16 17:27:33,5,5,1.2,300,0.001,1.15,120.78127589452
2021-03-16 17:27:18,1e-04,1e-04,1.2,0.001,100,1,123.905209396973
2021-03-16 17:27:03,5,5,0.9,0.001,100,1.15,207.164262912901
2021-03-16 17:26:48,1e-04,1e-04,1.2,0.001,100,1,123.905209396973
2021-03-16 17:26:33,1e-04,1e-04,1.2,300,100,1.15,1136.7640069594
2021-03-16 17:26:18,5,5,0.9,300,100,1.15,1450.41096875923
2021-03-16 17:26:03,5,5,0.9,0.001,100,1,161.199924893787
2021-03-16 17:25:48,1e-04,1e-04,1.2,0.001,0.001,1.15,120.928392230247
2021-03-16 17:25:33,5,5,1.2,300,100,1,6952.5936928167
2021-03-16 17:25:18,5,5,1.2,300,100,1.15,1443.00228131705
2021-03-16 17:25:03,5,5,0.9,0.001,0.001,1.15,120.937194214024
2021-03-16 17:24:48,1e-04,1e-04,1.2,300,0.001,1.15,120.614894530776
2021-03-16 17:24:33,1e-04,1e-04,0.9,300,0.001,1,117.652783880114
2021-03-16 17:24:18,1e-04,5,1.2,0.001,0.001,1.15,120.932539501336
2021-03-16 17:24:03,1e-04,1e-04,1.2,300,0.001,1.15,120.614894530776
2021-03-16 17:23:48,1e-04,1e-04,1.2,300,0.001,1.15,120.614894530776
2021-03-16 17:23:32,5,5,1.2,0.001,100,1,159.034201874274
2021-03-16 17:23:18,1e-04,1e-04,0.9,0.001,100,1.15,132.047803083299
2021-03-16 17:23:02,1e-04,1e-04,0.9,300,100,1,5245.66462496234
2021-03-16 17:22:47,5,5,0.9,300,100,1.15,1450.41096875923
2021-03-16 17:22:33,5,5,0.9,300,100,1,6674.39648102313
2021-03-16 17:22:19,1e-04,1e-04,0.9,300,0.001,1.15,120.612880871087
2021-03-16 17:22:03,5,5,0.9,300,100,1,6674.39648102313
2021-03-16 17:21:48,1e-04,1e-04,0.9,300,100,1.15,1086.2214494003
2021-03-16 17:21:33,5,5,0.9,0.001,100,1,161.199924893787
2021-03-16 17:21:18,1e-04,1e-04,0.9,300,0.001,1.15,120.612880871087
2021-03-16 17:21:03,5,5,1.2,0.001,100,1,159.034201874274
2021-03-16 17:20:48,1e-04,1e-04,1.2,0.001,0.001,1,120.927401520149
2021-03-16 17:20:33,1e-04,1e-04,1.2,300,0.001,1.15,120.614894530776
2021-03-16 17:20:19,5,5,1.2,300,100,1.15,1443.00228131705
2021-03-16 17:20:04,5,5,1.2,300,0.001,1.15,120.78127589452
2021-03-16 17:19:49,1e-04,1e-04,0.9,300,100,1,5686.35791651038
2021-03-16 17:19:33,1e-04,1e-04,0.9,300,0.001,1.15,120.612880871087
2021-03-16 17:19:19,1e-04,1e-04,0.9,0.001,0.001,1,120.931487695986
2021-03-16 17:19:03,5,5,1.2,300,0.001,1.15,120.78127589452
2021-03-16 17:18:48,1e-04,1e-04,1.2,300,100,1.15,1136.7640069594
2021-03-16 17:18:33,5,5,0.9,0.001,100,1.15,207.164262912901
2021-03-16 17:18:19,1e-04,1e-04,1.2,0.001,0.001,1.15,120.932292754846
2021-03-16 17:18:03,5,5,0.9,0.001,100,1.15,207.164262912901
2021-03-16 17:17:48,1e-04,1e-04,1.2,0.001,0.001,1.15,120.928392230247
2021-03-16 17:17:33,5,5,0.9,300,100,1,6674.39648102313
2021-03-16 17:17:18,5,5,0.9,0.001,0.001,1,120.9371928755
2021-03-16 17:17:03,5,5,1.2,300,0.001,1,876.588850741177
2021-03-16 17:16:48,5,5,1.2,0.001,100,1.15,218.482445889451
2021-03-16 17:16:33,1e-04,5,1.2,300,0.001,1,117.8748720564
2021-03-16 17:16:19,1e-04,1e-04,1.2,0.001,100,1.15,131.543338141233
2021-03-16 17:16:04,1e-04,1e-04,1.2,0.001,100,1,123.905209396973
2021-03-16 17:15:49,5,5,1.2,0.001,0.001,1,120.937189594635
2021-03-16 17:15:34,1e-04,1e-04,0.9,0.001,0.001,1,120.931487695986
2021-03-16 17:15:19,1e-04,1e-04,1.2,300,0.001,1.15,120.614894530776
2021-03-16 17:15:04,1e-04,1e-04,1.2,0.001,0.001,1.15,120.928392230247
2021-03-16 17:14:49,1e-04,1e-04,0.9,0.001,0.001,1.15,120.930486763332
2021-03-16 17:14:34,1e-04,1e-04,0.9,0.001,0.001,1.15,120.932428504854
2021-03-16 17:14:20,1e-04,1e-04,1.2,0.001,0.001,1.15,120.928392230247
2021-03-16 17:14:04,5,5,1.2,0.001,0.001,1,120.937189594635
2021-03-16 17:13:50,5,5,1.2,300,100,1,6952.5936928167
2021-03-16 17:13:35,1e-04,1e-04,0.9,300,100,1.15,1188.27906033963
2021-03-16 17:13:20,1e-04,1e-04,1.2,0.001,100,1.15,131.543338141233
2021-03-16 17:13:05,1e-04,1e-04,0.9,0.001,0.001,1.15,120.932428504854
2021-03-16 17:12:51,5,5,1.2,300,0.001,1.15,120.78127589452
2021-03-16 17:12:36,1e-04,1e-04,0.9,300,0.001,1,117.652783880114
2021-03-16 17:12:21,5,5,0.9,300,100,1,6674.39648102313
2021-03-16 17:12:06,5,5,0.9,300,0.001,1,334.706996174533
2021-03-16 17:11:51,1e-04,1e-04,1.2,300,0.001,1.15,120.614894530776
2021-03-16 17:11:36,5,5,1.2,0.001,0.001,1.15,120.937190601952
2021-03-16 17:11:21,1e-04,1e-04,0.9,0.001,0.001,1.15,120.930486763332
2021-03-16 17:11:06,1e-04,1e-04,0.9,300,0.001,1.15,120.615814953706
2021-03-16 17:10:51,1e-04,1e-04,0.9,0.001,100,1,122.747303958942
2021-03-16 17:10:36,1e-04,1e-04,1.2,0.001,0.001,1,120.927401520149
2021-03-16 17:10:21,5,5,0.9,0.001,0.001,1,120.9371928755
2021-03-16 17:10:06,5,5,0.9,300,100,1.15,1450.41096875923
2021-03-16 17:09:51,5,5,1.2,300,100,1.15,1443.00228131705
2021-03-16 17:09:36,1e-04,1e-04,1.2,0.001,100,1.15,131.543338141233
2021-03-16 17:09:21,1e-04,1e-04,1.2,0.001,100,1,123.166122717714
2021-03-16 17:09:07,5,5,0.9,300,0.001,1.15,120.797622731372
2021-03-16 17:08:52,5,5,1.2,0.001,0.001,1,120.937189594635
2021-03-16 17:08:36,5,5,1.2,300,100,1,6952.5936928167
2021-03-16 17:08:21,5,5,0.9,0.001,0.001,1.15,120.937194214024
2021-03-16 17:08:07,5,5,0.9,300,100,1,6674.39648102313
2021-03-16 17:07:52,5,5,0.9,0.001,0.001,1.15,120.747053187481
2021-03-16 17:07:37,5,5,0.9,300,100,1.15,1450.41096875923
2021-03-16 17:07:23,1e-04,1e-04,0.9,0.001,100,1.15,132.047803083299
2021-03-16 17:07:07,5,5,1.2,300,0.001,1.15,120.78127589452
2021-03-16 17:06:52,1e-04,1e-04,0.9,0.001,100,1,122.747303958942
2021-03-16 17:06:37,5,5,1.2,300,0.001,1,876.588850741177
2021-03-16 17:06:23,5,5,1.2,300,0.001,1,876.588850741177
2021-03-16 17:06:08,5,5,0.9,300,100,1,6642.00958337688
2021-03-16 17:05:53,5,5,0.9,300,0.001,1.15,120.797622731372
2021-03-16 17:05:38,5,5,0.9,300,100,1,6674.39648102313
2021-03-16 17:05:23,5,5,1.2,300,0.001,1.15,120.78127589452
2021-03-16 17:05:08,5,5,1.2,300,0.001,1,796.878160368061
2021-03-16 17:04:52,5,5,0.9,300,0.001,1.15,120.797622731372
2021-03-16 17:04:37,5,1e-04,1.2,0.001,0.001,1,120.937194379135
2021-03-16 17:04:22,1e-04,1e-04,1.2,300,0.001,1.15,120.614894530776
2021-03-16 17:04:07,5,5,1.2,0.001,100,1.15,212.895524481872
2021-03-16 17:03:52,5,5,0.9,0.001,100,1.15,207.164262912901
2021-03-16 17:03:38,1e-04,1e-04,1.2,0.001,0.001,1.15,120.928392230247
2021-03-16 17:03:22,5,5,0.9,300,0.001,1,334.706996174533
2021-03-16 17:03:07,1e-04,1e-04,0.9,0.001,100,1.15,132.047803083299
2021-03-16 17:02:52,1e-04,1e-04,1.2,300,100,1.15,1136.7640069594
2021-03-16 17:02:37,1e-04,1e-04,0.9,300,100,1.15,1188.27906033963
2021-03-16 17:02:22,1e-04,1e-04,1.2,300,0.001,1.15,120.614894530776
2021-03-16 17:02:08,1e-04,1e-04,1.2,300,100,1.15,1136.7640069594
2021-03-16 17:01:53,5,5,0.9,300,100,1,6674.39648102313
2021-03-16 17:01:38,1e-04,1e-04,1.2,0.001,0.001,1,120.927401520149
2021-03-16 17:01:23,5,5,1.2,300,0.001,1,876.588850741177
2021-03-16 17:01:08,1e-04,1e-04,1.2,300,100,1,5178.92695874562
2021-03-16 17:00:53,1e-04,1e-04,0.9,0.001,0.001,1.15,120.932428504854
2021-03-16 17:00:38,1e-04,1e-04,0.9,300,0.001,1,117.652783880114
2021-03-16 17:00:24,1e-04,1e-04,0.9,300,0.001,1,117.652783880114
2021-03-16 17:00:09,5,5,1.2,0.001,100,1,159.034201874274
2021-03-16 16:59:54,5,5,1.2,300,100,1,6952.5936928167
2021-03-16 16:59:39,5,5,0.9,300,100,1,6674.39648102313
2021-03-16 16:59:24,5,5,1.2,300,0.001,1,876.588850741177
2021-03-16 16:59:09,5,5,0.9,300,100,1.15,1450.41096875923
2021-03-16 16:58:55,1e-04,1e-04,0.9,0.001,100,1,122.747303958942
2021-03-16 16:58:40,5,5,0.9,300,0.001,1,334.706996174533
2021-03-16 16:58:24,1e-04,1e-04,1.2,0.001,0.001,1.15,120.928392230247
2021-03-16 16:58:09,1e-04,1e-04,0.9,300,0.001,1,117.652783880114
2021-03-16 16:57:54,5,5,1.2,300,0.001,1,876.588850741177
2021-03-16 16:57:39,1e-04,1e-04,1.2,300,100,1.15,1136.7640069594
2021-03-16 16:57:24,5,5,1.2,300,0.001,1.15,120.78127589452
2021-03-16 16:57:09,5,5,0.9,300,100,1,6674.39648102313
2021-03-16 16:56:55,1e-04,1e-04,1.2,0.001,0.001,1,120.927401520149
2021-03-16 16:56:40,5,5,0.9,300,100,1,6674.39648102313
2021-03-16 16:56:25,1e-04,1e-04,0.9,0.001,0.001,1.15,120.932428504854
2021-03-16 16:56:10,1e-04,1e-04,0.9,0.001,0.001,1.15,120.932428504854
2021-03-16 16:55:54,5,5,1.2,0.001,100,1,159.034201874274
2021-03-16 16:55:39,1e-04,1e-04,0.9,0.001,0.001,1.15,120.932428504854
2021-03-16 16:55:25,5,5,0.9,300,0.001,1,334.706996174533
2021-03-16 16:55:10,1e-04,1e-04,1.2,300,0.001,1,117.780509133608
2021-03-16 16:54:55,5,5,1.2,0.001,0.001,1.15,120.937190601952
2021-03-16 16:54:40,5,5,0.9,0.001,100,1.15,207.164262912901
2021-03-16 16:54:25,5,5,1.2,300,100,1.15,1443.00228131705
2021-03-16 16:54:10,1e-04,1e-04,0.9,300,0.001,1.15,120.615814953706
2021-03-16 16:53:55,5,5,0.9,0.001,100,1,123.905209396973
2021-03-16 16:53:54,1e-04,1e-04,1.2,0.001,100,1,123.905209396973
2021-03-16 16:53:39,5,5,0.9,300,0.001,1,334.706996174533
2021-03-16 16:53:24,1e-04,1e-04,1.2,300,100,1,5178.92695874562
2021-03-16 16:53:10,5,5,0.9,300,0.001,1,334.706996174533
2021-03-16 16:52:55,5,5,1.2,300,100,1.15,1443.00228131705
2021-03-16 16:52:41,5,5,0.9,300,0.001,1,334.706996174533
2021-03-16 16:52:26,5,5,1.2,0.001,100,1.15,218.482445889451
2021-03-16 16:52:10,1e-04,1e-04,1.2,300,100,1.15,1136.7640069594
2021-03-16 16:51:55,1e-04,1e-04,0.9,0.001,100,1.15,132.047803083299
2021-03-16 16:51:41,1e-04,1e-04,0.9,0.001,100,1.15,132.047803083299
2021-03-16 16:51:26,1e-04,1e-04,0.9,300,100,1,5686.35791651038
2021-03-16 16:51:10,5,5,0.9,300,100,1,6674.39648102313
2021-03-16 16:50:55,1e-04,1e-04,0.9,300,0.001,1,117.655509726511
2021-03-16 16:50:40,1e-04,1e-04,1.2,300,0.001,1.15,120.614894530776
2021-03-16 16:50:25,5,5,0.9,0.001,100,1.15,207.164262912901
2021-03-16 16:50:10,5,1e-04,0.9,0.001,100,1.15,206.280228899545
2021-03-16 16:49:56,1e-04,1e-04,1.2,300,0.001,1,117.780509133608
2021-03-16 16:49:41,5,5,0.9,0.001,0.001,1.15,120.747053187481
2021-03-16 16:49:26,1e-04,1e-04,1.2,0.001,0.001,1.15,120.928392230247
2021-03-16 16:49:11,5,5,1.2,300,0.001,1,876.588850741177
2021-03-16 16:48:56,5,5,0.9,0.001,100,1,161.199924893787
2021-03-16 16:48:40,1e-04,1e-04,1.2,0.001,100,1,123.905209396973
2021-03-16 16:48:25,1e-04,5,0.9,0.001,100,1,123.030075881164
2021-03-16 16:48:10,1e-04,1e-04,1.2,0.001,100,1,123.905209396973
2021-03-16 16:47:55,1e-04,1e-04,0.9,0.001,0.001,1.15,120.932428504854
2021-03-16 16:47:40,1e-04,1e-04,1.2,300,0.001,1,117.780509133608
2021-03-16 16:47:25,5,5,0.9,300,100,1.15,1450.41096875923
2021-03-16 16:47:10,5,5,0.9,0.001,0.001,1.15,120.747053187481
2021-03-16 16:46:55,1e-04,1e-04,1.2,300,0.001,1,117.780509133608
2021-03-16 16:46:40,5,5,0.9,300,100,1.15,1450.41096875923
2021-03-16 16:46:26,1e-04,1e-04,0.9,0.001,0.001,1.15,120.932428504854
2021-03-16 16:46:11,5,5,1.2,300,100,1.15,1444.34311247224
2021-03-16 16:45:56,1e-04,1e-04,0.9,300,0.001,1,117.652783880114
2021-03-16 16:45:41,1e-04,1e-04,1.2,0.001,100,1.15,131.543338141233
2021-03-16 16:45:26,1e-04,1e-04,1.2,0.001,100,1.15,131.543338141233
2021-03-16 16:45:11,1e-04,1e-04,0.9,300,0.001,1,117.652783880114
2021-03-16 16:44:56,1e-04,1e-04,0.9,300,0.001,1,117.652783880114
2021-03-16 16:44:41,1e-04,1e-04,0.9,300,100,1.15,1086.2214494003
2021-03-16 16:44:26,1e-04,1e-04,1.2,0.001,100,1.15,131.543338141233
2021-03-16 16:44:11,1e-04,1e-04,1.2,0.001,100,1,123.905209396973
2021-03-16 16:43:56,1e-04,1e-04,0.9,0.001,100,1.15,132.047803083299
2021-03-16 16:43:41,5,5,1.2,300,0.001,1,876.588850741177
2021-03-16 16:43:17,1e-04,1e-04,1.2,300,0.001,1.15,120.614894530776
2021-03-16 16:42:59,1e-04,1e-04,0.9,300,100,1.15,1086.2214494003
2021-03-16 16:42:44,5,5,0.9,0.001,0.001,1.15,120.747053187481
2021-03-16 16:42:22,5,5,0.9,0.001,0.001,1,120.9371928755
2021-03-16 16:42:08,5,5,0.9,300,0.001,1,334.706996174533
2021-03-16 16:41:52,5,5,0.9,300,100,1.15,1450.41096875923
2021-03-16 16:41:38,1e-04,5,0.9,300,0.001,1.15,120.637912288703
2021-03-16 16:41:23,5,5,1.2,0.001,0.001,1.15,120.937190601952
2021-03-16 16:41:08,5,5,0.9,300,100,1,6674.39648102313
2021-03-16 16:40:53,1e-04,1e-04,0.9,0.001,100,1,123.227543601135
2021-03-16 16:40:38,1e-04,1e-04,0.9,300,100,1.15,1086.2214494003
2021-03-16 16:40:23,1e-04,1e-04,0.9,0.001,0.001,1,120.931487695986
2021-03-16 16:40:09,1e-04,1e-04,1.2,300,0.001,1.15,120.614894530776
2021-03-16 16:39:54,1e-04,1e-04,0.9,0.001,0.001,1,120.931711326053
2021-03-16 16:39:39,5,5,1.2,300,100,1.15,1443.00228131705
2021-03-16 16:39:24,1e-04,1e-04,1.2,300,0.001,1,117.535087088747
2021-03-16 16:39:09,5,5,1.2,0.001,0.001,1,120.937189594635
2021-03-16 16:38:54,1e-04,1e-04,0.9,300,0.001,1.15,120.612880871087
2021-03-16 16:38:39,1e-04,1e-04,0.9,0.001,100,1,122.747303958942
2021-03-16 16:38:24,5,5,0.9,0.001,0.001,1.15,120.747053187481
2021-03-16 16:38:09,1e-04,1e-04,1.2,300,0.001,1.15,120.620058974194
2021-03-16 16:37:54,5,5,0.9,300,100,1,6674.39648102313
2021-03-16 16:37:39,1e-04,1e-04,0.9,0.001,100,1,123.227543601135
2021-03-16 16:37:24,1e-04,1e-04,1.2,0.001,0.001,1.15,120.928392230247
2021-03-16 16:37:10,1e-04,1e-04,0.9,300,0.001,1,117.652783880114
2021-03-16 16:36:55,5,5,1.2,4.76837690474357,100,1,130.492090032647
2021-03-16 16:36:41,5,5,0.9,221.064895502237,100,1,5072.73187042571
2021-03-16 16:36:26,5,5,1.05601974565805,300,100,1,7162.14805568405
2021-03-16 16:36:10,5,5,0.9,300,100,1.10736221310865,2189.65835956442
2021-03-16 16:35:56,5,5,1.06887459546358,133.01467907574,100,1.07697851850946,1278.09043139174
2021-03-16 16:35:41,5,5,1.0591147112386,300,100,1.08034218859996,2895.74796430262
2021-03-16 16:35:26,5,5,1.2,256.288173849192,20.0673201496479,1.1323394474698,1216.68169002388
2021-03-16 16:35:11,5,5,1.03180248288425,163.009910904005,100,1.11247170011322,1055.28520882592
2021-03-16 16:34:57,5,5,0.910021932982224,0.001,100,1.15,200.33281315556
2021-03-08 16:32:43,5,5,0.9,0.001,0.001,1.15,120.747053187481
2021-03-08 16:32:28,5,5,0.9,0.001,0.001,1.15,120.747053187481
2021-03-08 16:32:13,1e-04,1e-04,0.9,0.001,100,1,122.747303958942
2021-03-08 16:31:57,5,5,0.9,0.001,0.001,1.15,120.747053187481
2021-03-08 16:31:42,1e-04,1e-04,1.2,0.001,100,1,123.905209396973
2021-03-08 16:31:26,5,5,1.2,300,100,1,6952.5936928167
2021-03-08 16:31:11,1e-04,1e-04,1.2,0.001,100,1.15,131.543338141233
2021-03-08 16:30:56,5,5,0.9,0.001,100,1,161.199924893787
2021-03-08 16:30:41,5,5,0.9,0.001,0.001,1,120.9371928755
2021-03-08 16:30:26,5,5,1.2,300,0.001,1,876.588850741177
2021-03-08 16:30:10,1e-04,1e-04,0.9,0.001,0.001,1.15,120.932428504854
2021-03-08 16:29:55,1e-04,1e-04,0.9,0.001,100,1,122.747303958942
2021-03-08 16:29:40,5,5,0.9,300,100,1,6674.39648102313
2021-03-08 16:29:25,5,5,1.2,0.001,100,1,159.034201874274
2021-03-08 16:29:10,5,5,1.2,300,100,1.15,1443.00228131705
2021-03-08 16:28:55,5,5,0.9,300,100,1,6674.39648102313
2021-03-08 16:28:40,5,5,1.2,0.001,0.001,1.15,120.937190601952
2021-03-08 16:28:25,5,1e-04,1.2,300,0.001,1.15,120.921757420453
2021-03-08 16:28:10,1e-04,1e-04,0.9,300,100,1,5686.35791651038
2021-03-08 16:27:54,5,5,1.2,0.001,0.001,1,120.937189594635
2021-03-08 16:27:39,5,5,1.2,0.001,0.001,1.15,120.937190601952
2021-03-08 16:27:24,1e-04,1e-04,0.9,0.001,0.001,1,120.931487695986
2021-03-08 16:27:09,1e-04,1e-04,1.2,300,0.001,1.15,120.620058974194
2021-03-08 16:26:54,1e-04,1e-04,0.9,300,0.001,1,117.652783880114
2021-03-08 16:26:38,5,5,0.9,300,100,1.15,1450.41096875923
2021-03-08 16:26:23,1e-04,1e-04,1.2,0.001,0.001,1.15,120.928392230247
2021-03-08 16:26:07,5,5,0.9,0.001,0.001,1,120.9371928755
2021-03-08 16:25:52,5,5,0.9,300,0.001,1,118.789480551909
2021-03-08 16:25:38,5,5,1.2,0.001,0.001,1,120.937189594635
2021-03-08 16:25:23,1e-04,1e-04,0.9,0.001,0.001,1,120.931487695986
2021-03-08 16:25:08,1e-04,1e-04,1.2,300,0.001,1.15,120.614894530776
2021-03-08 16:24:52,5,5,0.9,300,0.001,1.15,120.797622731372
2021-03-08 16:24:37,5,5,0.9,0.001,100,1,161.199924893787
2021-03-08 16:24:21,5,5,0.9,0.001,0.001,1,120.9371928755
2021-03-08 16:24:05,1e-04,1e-04,1.2,0.001,100,1.15,131.543338141233
2021-03-08 16:23:49,1e-04,1e-04,1.2,0.001,100,1,123.905209396973
2021-03-08 16:23:34,5,5,0.9,0.001,100,1.15,207.164262912901
2021-03-08 16:23:19,5,1e-04,0.9,0.001,100,1,160.830770272812
2021-03-08 16:23:04,5,1e-04,1.2,0.001,100,1,159.351762534798
2021-03-08 16:22:48,1e-04,1e-04,1.2,0.001,0.001,1.15,120.928392230247
2021-03-08 16:22:33,1e-04,1e-04,0.9,0.001,100,1.15,132.047803083299
2021-03-08 16:22:17,1e-04,1e-04,0.9,300,100,1,5686.35791651038
2021-03-08 16:22:02,1e-04,1e-04,1.2,0.001,100,1.15,131.543338141233
2021-03-08 16:21:47,5,5,1.2,0.001,100,1,159.034201874274
2021-03-08 16:21:32,5,5,1.2,300,100,1,6952.5936928167
2021-03-08 16:21:15,5,5,1.2,0.001,0.001,1,120.937189594635
2021-03-08 16:20:59,1e-04,1e-04,1.2,300,100,1,5178.92695874562
2021-03-08 16:20:43,5,5,1.2,0.001,100,1.15,218.482445889451
2021-03-08 16:20:28,1e-04,1e-04,0.9,0.001,0.001,1,120.931487695986
2021-03-08 16:20:12,5,5,0.9,0.001,0.001,1,120.9371928755
2021-03-08 16:19:58,1e-04,1e-04,1.2,0.001,0.001,1.15,120.928392230247
2021-03-08 16:19:43,5,5,0.9,300,100,1.15,1440.42868731165
2021-03-08 16:19:28,1e-04,1e-04,1.2,300,0.001,1,117.780509133608
2021-03-08 16:19:13,1e-04,1e-04,0.9,300,0.001,1.15,120.612880871087
2021-03-08 16:18:57,5,5,0.9,300,100,1,6674.39648102313
2021-03-08 16:18:42,5,5,1.2,300,100,1,6952.5936928167
2021-03-08 16:18:27,5,5,0.9,300,100,1,1450.41096875923
2021-03-08 16:18:27,5,5,0.9,300,100,1.15,1450.41096875923
2021-03-08 16:18:11,5,5,1.2,300,0.001,1,876.588850741177
2021-03-08 16:17:56,5,5,0.9,0.001,0.001,1.15,120.747053187481
2021-03-08 16:17:41,1e-04,1e-04,1.2,300,0.001,1,117.780509133608
2021-03-08 16:17:26,1e-04,1e-04,1.2,0.001,0.001,1.15,120.928392230247
2021-03-08 16:17:10,5,5,0.9,300,0.001,1,334.706996174533
2021-03-08 16:16:55,1e-04,1e-04,1.2,0.001,100,1,123.905209396973
2021-03-08 16:16:39,5,5,1.2,300,100,1,6952.5936928167
2021-03-08 16:16:25,5,5,1.2,0.001,0.001,1.15,120.937190601952
2021-03-08 16:16:09,1e-04,1e-04,1.2,300,0.001,1.15,120.614894530776
2021-03-08 16:15:54,1e-04,1e-04,1.2,0.001,0.001,1.15,120.928392230247
2021-03-08 16:15:38,5,5,1.2,300,100,1,6952.5936928167
2021-03-08 16:15:23,5,5,1.2,0.001,100,1.15,218.482445889451
2021-03-08 16:15:08,5,5,1.2,300,100,1,6952.5936928167
2021-03-08 16:14:53,5,5,1.2,0.001,100,1,158.502658180174
2021-03-08 16:14:38,5,5,1.2,300,100,1,6952.5936928167
2021-03-08 16:14:23,1e-04,1e-04,1.2,300,100,1.15,1136.7640069594
2021-03-08 16:14:08,1e-04,1e-04,0.9,0.001,0.001,1.15,120.932428504854
2021-03-08 16:13:52,1e-04,1e-04,0.9,300,100,1.15,1086.2214494003
2021-03-08 16:13:37,5,5,1.2,300,0.001,1,876.588850741177
2021-03-08 16:13:22,5,5,1.2,0.001,0.001,1,120.937189594635
2021-03-08 16:13:06,1e-04,1e-04,1.2,0.001,100,1.15,131.543338141233
2021-03-08 16:12:51,1e-04,1e-04,0.9,300,0.001,1.15,120.612880871087
2021-03-08 16:12:36,1e-04,1e-04,1.2,300,0.001,1,117.780509133608
2021-03-08 16:12:20,1e-04,1e-04,1.2,0.001,100,1,123.905209396973
2021-03-08 16:12:05,5,5,0.9,0.001,100,1.15,207.164262912901
2021-03-08 16:11:50,5,5,0.9,0.001,100,1.15,207.164262912901
2021-03-08 16:11:34,5,5,0.9,0.001,100,1,161.199924893787
2021-03-08 16:11:20,5,5,0.9,0.001,100,1.15,207.164262912901
2021-03-08 16:11:04,5,5,0.9,300,0.001,1.15,120.797622731372
2021-03-08 16:10:48,5,5,0.9,0.001,0.001,1.15,120.747053187481
2021-03-08 16:10:33,1e-04,1e-04,1.2,300,0.001,1.15,120.614894530776
2021-03-08 16:10:18,1e-04,1e-04,1.2,300,0.001,1,117.780509133608
2021-03-08 16:10:03,1e-04,1e-04,1.2,0.001,0.001,1.15,120.928392230247
2021-03-08 16:09:47,5,5,0.9,300,100,1,6674.39648102313
2021-03-08 16:09:33,1e-04,1e-04,0.9,0.001,100,1,123.227543601135
2021-03-08 16:09:17,5,5,0.9,0.001,0.001,1,120.9371928755
2021-03-08 16:09:01,5,5,0.9,300,0.001,1,334.706996174533
2021-03-08 16:08:46,5,5,1.2,300,100,1,6971.39062347811
2021-03-08 16:08:31,1e-04,1e-04,1.2,300,100,1.15,1136.7640069594
2021-03-08 16:08:16,5,5,1.2,300,100,1,6952.5936928167
2021-03-08 16:08:01,5,5,0.9,0.001,0.001,1.15,120.747053187481
2021-03-08 16:07:45,1e-04,1e-04,1.2,300,0.001,1.15,120.614894530776
2021-03-08 16:07:30,1e-04,1e-04,0.9,0.001,0.001,1.15,120.932428504854
2021-03-08 16:07:14,5,5,0.9,0.001,100,1,161.199924893787
2021-03-08 16:06:59,5,5,0.9,300,0.001,1,334.706996174533
2021-03-08 16:06:43,5,5,1.2,300,100,1,6952.5936928167
2021-03-08 16:06:29,1e-04,1e-04,1.2,0.001,0.001,1.15,120.928392230247
2021-03-08 16:06:14,5,5,1.2,0.001,0.001,1.15,120.937190601952
2021-03-08 16:05:58,1e-04,1e-04,1.2,300,100,1,5178.92695874562
2021-03-08 16:05:43,1e-04,1e-04,0.9,0.001,100,1.15,132.047803083299
2021-03-08 16:05:28,1e-04,1e-04,1.2,0.001,0.001,1.15,120.928392230247
2021-03-08 16:05:13,1e-04,1e-04,1.2,0.001,0.001,1,120.927401520149
2021-03-08 16:04:58,5,5,1.2,0.001,100,1.15,218.482445889451
2021-03-08 16:04:43,1e-04,1e-04,1.2,0.001,0.001,1.15,120.928392230247
2021-03-08 16:04:27,1e-04,1e-04,1.2,300,100,1.15,1136.7640069594
2021-03-08 16:04:12,5,5,0.9,300,100,1,6674.39648102313
2021-03-08 16:03:56,1e-04,1e-04,1.2,0.001,100,1.15,131.543338141233
2021-03-08 16:03:41,5,5,0.9,0.001,100,1,161.199924893787
2021-03-08 16:03:26,5,5,0.9,300,0.001,1.15,120.797622731372
2021-03-08 16:03:11,5,5,1.2,0.001,100,1.15,218.482445889451
2021-03-08 16:02:56,5,5,1.2,300,100,1,6952.5936928167
2021-03-08 16:02:40,5,5,0.9,0.001,0.001,1.15,120.937194214024
2021-03-08 16:02:25,1e-04,1e-04,1.2,0.001,100,1.15,131.543338141233
2021-03-08 16:02:10,1e-04,1e-04,0.9,300,0.001,1.15,120.612880871087
2021-03-08 16:01:54,5,5,0.9,0.001,0.001,1,120.9371928755
2021-03-08 16:01:39,1e-04,1e-04,1.2,300,100,1.15,1136.7640069594
2021-03-08 16:01:24,5,5,0.9,300,100,1,6674.39648102313
2021-03-08 16:01:09,5,5,0.9,300,100,1,6674.39648102313
2021-03-08 16:00:54,5,5,1.2,300,100,1,6952.5936928167
2021-03-08 16:00:39,5,5,1.2,0.001,0.001,1,120.937189594635
2021-03-08 16:00:23,5,5,0.9,300,0.001,1.15,120.797622731372
2021-03-08 16:00:08,5,5,1.2,300,0.001,1.15,120.78127589452
2021-03-08 15:59:53,1e-04,1e-04,1.2,300,0.001,1.15,120.614894530776
2021-03-08 15:59:38,1e-04,1e-04,1.2,300,0.001,1.15,120.620058974194
2021-03-08 15:59:23,1e-04,1e-04,0.9,300,0.001,1.15,120.612880871087
2021-03-08 15:59:08,5,5,0.9,0.001,100,1,161.199924893787
2021-03-08 15:58:52,1e-04,1e-04,1.2,0.001,0.001,1,120.927401520149
2021-03-08 15:58:37,1e-04,1e-04,0.9,300,100,1.15,1086.2214494003
2021-03-08 15:58:21,1e-04,1e-04,0.9,0.001,0.001,1.15,120.932428504854
2021-03-08 15:58:06,1e-04,1e-04,1.2,300,0.001,1,117.59528689605
2021-03-08 15:57:51,5,5,1.2,300,0.001,1,876.588850741177
2021-03-08 15:57:35,5,5,0.9,300,0.001,1,334.706996174533
2021-03-08 15:57:21,1e-04,1e-04,1.2,300,0.001,1.15,120.620058974194
2021-03-08 15:57:05,1e-04,1e-04,0.9,300,100,1,5686.35791651038
2021-03-08 15:56:49,5,5,1.2,0.001,100,1,159.034201874274
2021-03-08 15:56:35,5,5,0.9,300,0.001,1.15,120.797622731372
2021-03-08 15:56:19,1e-04,1e-04,0.9,0.001,100,1.15,132.047803083299
2021-03-08 15:56:04,5,5,1.2,300,100,1.15,1443.00228131705
2021-03-08 15:55:49,1e-04,1e-04,0.9,300,100,1,5686.35791651038
2021-03-08 15:55:33,5,5,1.2,300,100,1,6952.5936928167
2021-03-08 15:55:18,5,5,0.9,300,100,1,6674.39648102313
2021-03-08 15:55:03,5,5,1.2,300,100,1,6952.5936928167
2021-03-08 15:54:47,5,5,0.9,300,100,1.15,1450.41096875923
2021-03-08 15:54:32,1e-04,1e-04,0.9,300,0.001,1.15,120.612880871087
2021-03-08 15:54:17,1e-04,1e-04,1.2,0.001,0.001,1.15,120.928392230247
2021-03-08 15:54:01,1e-04,1e-04,1.2,0.001,0.001,1.15,120.928392230247
2021-03-08 15:53:45,5,5,1.2,0.001,100,1.15,218.482445889451
2021-03-08 15:53:30,1e-04,1e-04,1.2,0.001,100,1.15,131.543338141233
2021-03-08 15:53:15,5,5,0.9,0.001,100,1.15,207.164262912901
2021-03-08 15:53:00,1e-04,1e-04,1.2,0.001,100,1,123.905209396973
2021-03-08 15:52:44,5,5,1.2,300,100,1,6952.5936928167
2021-03-08 15:52:29,5,5,0.9,300,0.001,1,334.706996174533
2021-03-08 15:52:15,1e-04,1e-04,0.9,300,100,1,5686.35791651038
2021-03-08 15:51:59,5,5,0.9,300,0.001,1,334.706996174533
2021-03-08 15:51:44,5,5,0.9,300,100,1,6674.39648102313
2021-03-08 15:51:29,1e-04,1e-04,1.2,0.001,0.001,1,120.927401520149
2021-03-08 15:51:13,5,5,0.9,0.001,100,1,161.09341455061
2021-03-08 15:50:58,1e-04,1e-04,1.2,300,0.001,1.15,120.614894530776
2021-03-08 15:50:43,1e-04,1e-04,0.9,0.001,0.001,1.15,120.932428504854
2021-03-08 15:50:28,1e-04,1e-04,0.9,0.001,0.001,1,120.931711326053
2021-03-08 15:50:12,1e-04,1e-04,0.9,0.001,100,1.15,132.047803083299
2021-03-08 15:49:57,1e-04,1e-04,1.2,0.001,100,1,123.905209396973
2021-03-08 15:49:42,1e-04,1e-04,1.2,0.001,0.001,1.15,120.928392230247
2021-03-08 15:49:26,1e-04,1e-04,1.2,300,0.001,1,117.59528689605
2021-03-08 15:49:11,1e-04,1e-04,0.9,300,100,1.15,1086.2214494003
2021-03-08 15:48:56,1e-04,1e-04,0.9,300,0.001,1.15,120.612880871087
2021-03-08 15:48:40,5,5,1.2,300,100,1.15,1443.00228131705
2021-03-08 15:48:25,5,5,1.2,300,100,1,6952.5936928167
2021-03-08 15:48:10,5,5,0.9,300,100,1,6674.39648102313
2021-03-08 15:47:55,1e-04,1e-04,0.9,0.001,0.001,1.15,120.932428504854
2021-03-08 15:47:39,1e-04,1e-04,1.2,0.001,100,1,123.905209396973
2021-03-08 15:47:23,1e-04,1e-04,1.2,0.001,100,1.15,131.543338141233
2021-03-08 15:47:08,5,5,0.9,300,100,1,6674.39648102313
2021-03-08 15:46:53,1e-04,1e-04,0.9,300,100,1,5686.35791651038
2021-03-08 15:46:38,5,5,1.2,300,0.001,1,876.588850741177
2021-03-08 15:46:23,1e-04,1e-04,0.9,300,0.001,1,117.652783880114
2021-03-08 15:46:08,5,5,0.9,300,100,1.15,1450.41096875923
2021-03-08 15:45:52,5,5,1.2,300,100,1,6952.5936928167
2021-03-08 15:45:37,1e-04,1e-04,1.2,300,0.001,1.15,120.614894530776
2021-03-08 15:45:22,1e-04,1e-04,1.2,0.001,100,1.15,131.543338141233
2021-03-08 15:45:06,5,5,0.9,0.001,0.001,1,120.9371928755
2021-03-08 15:44:51,5,5,0.9,300,100,1,6674.39648102313
2021-03-08 15:44:36,1e-04,1e-04,1.2,300,100,1,5178.92695874562
2021-03-08 15:44:20,1e-04,1e-04,0.9,300,100,1,5686.35791651038
2021-03-08 15:44:04,1e-04,5,1.2,0.001,0.001,1.15,120.932539501336
2021-03-08 15:43:49,1e-04,1e-04,1.2,0.001,0.001,1,120.927401520149
2021-03-08 15:43:33,1e-04,1e-04,1.2,300,100,1,5178.92695874562
2021-03-08 15:43:18,5,5,1.2,0.001,0.001,1,120.937189594635
2021-03-08 15:43:03,1e-04,1e-04,1.2,300,0.001,1,117.780509133608
2021-03-08 15:42:48,1e-04,1e-04,0.9,0.001,0.001,1,120.931487695986
2021-03-08 15:42:33,1e-04,1e-04,1.2,0.001,100,1.15,131.543338141233
2021-03-08 15:42:17,1e-04,1e-04,1.2,0.001,0.001,1,120.927401520149
2021-03-08 15:42:03,1e-04,1e-04,0.9,0.001,0.001,1,120.931487695986
2021-03-08 15:41:47,1e-04,1e-04,1.2,300,100,1.15,1136.7640069594
2021-03-08 15:41:32,1e-04,1e-04,0.9,0.001,0.001,1.15,120.932428504854
2021-03-08 15:41:17,5,1e-04,0.9,0.001,100,1,160.830770272812
2021-03-08 15:41:02,1e-04,1e-04,1.2,0.001,0.001,1,120.927401520149
2021-03-08 15:40:46,1e-04,1e-04,1.2,300,0.001,1.15,120.614894530776
2021-03-08 15:40:31,1e-04,1e-04,0.9,300,100,1,5686.35791651038
2021-03-08 15:40:15,1e-04,1e-04,1.2,0.001,100,1,123.905209396973
2021-03-08 15:40:00,1e-04,1e-04,1.2,0.001,0.001,1.15,120.928392230247
2021-03-08 15:39:45,5,5,0.9,300,100,1.15,1450.41096875923
2021-03-08 15:39:30,5,5,1.2,0.001,0.001,1.15,120.937190601952
2021-03-08 15:39:14,5,5,0.9,300,100,1.15,1450.41096875923
2021-03-08 15:38:59,1e-04,1e-04,0.9,300,0.001,1.15,120.612880871087
2021-03-08 15:38:44,5,5,0.9,300,100,1,6674.39648102313
2021-03-08 15:38:29,5,5,1.2,0.001,0.001,1,120.937189594635
2021-03-08 15:38:14,1e-04,1e-04,0.9,0.001,0.001,1.15,120.932428504854
2021-03-08 15:37:59,1e-04,1e-04,0.9,300,0.001,1.15,120.612880871087
2021-03-08 15:37:43,1e-04,1e-04,0.9,300,100,1.15,1188.27906033963
2021-03-08 15:37:28,5,5,1.2,300,100,1,6952.5936928167
2021-03-08 15:37:13,1e-04,1e-04,1.2,0.001,0.001,1.15,120.928392230247
2021-03-08 15:36:57,5,1e-04,1.2,0.001,100,1,159.351762534798
2021-03-08 15:36:42,5,5,0.9,300,0.001,1.15,120.797622731372
2021-03-08 15:36:27,5,5,0.9,0.001,0.001,1,120.9371928755
2021-03-08 15:36:11,5,5,0.9,300,100,1,6674.39648102313
2021-03-08 15:35:56,1e-04,1e-04,0.9,0.001,100,1,122.747303958942
2021-03-08 15:35:41,5,5,1.2,300,100,1,6952.5936928167
2021-03-08 15:35:25,1e-04,1e-04,0.9,300,0.001,1,117.652783880114
2021-03-08 15:35:10,5,5,0.9,0.001,0.001,1.15,120.747053187481
2021-03-08 15:34:55,1e-04,1e-04,1.2,0.001,0.001,1.15,120.928392230247
2021-03-08 15:34:40,5,5,0.9,300,100,1,6642.00958337688
2021-03-08 15:34:25,5,5,0.9,0.001,100,1.15,207.164262912901
2021-03-08 15:34:09,5,5,1.2,0.001,100,1,159.034201874274
2021-03-08 15:33:55,1e-04,1e-04,1.2,0.001,100,1.15,131.543338141233
2021-03-08 15:33:40,1e-04,1e-04,1.2,300,100,1,5178.92695874562
2021-03-08 15:33:24,1e-04,1e-04,1.2,300,0.001,1.15,120.614894530776
2021-03-08 15:33:09,1e-04,5,1.2,0.001,0.001,1,120.931988578027
2021-03-08 15:32:54,1e-04,1e-04,1.2,300,100,1.15,1136.7640069594
2021-03-08 15:32:38,1e-04,1e-04,0.9,300,100,1,5686.35791651038
2021-03-08 15:32:23,1e-04,1e-04,1.2,300,0.001,1.15,120.614894530776
2021-03-08 15:32:08,1e-04,1e-04,1.2,0.001,100,1,123.166122717714
2021-03-08 15:31:53,1e-04,1e-04,1.2,0.001,0.001,1.15,120.928392230247
2021-03-08 15:31:37,5,5,0.9,300,0.001,1.15,120.797622731372
2021-03-08 15:31:22,1e-04,1e-04,1.2,300,100,1,5536.30507555049
2021-03-08 15:31:07,1e-04,1e-04,0.9,0.001,100,1.15,132.047803083299
2021-03-08 15:30:52,1e-04,1e-04,1.2,0.001,0.001,1.15,120.928392230247
2021-03-08 15:30:37,5,5,1.2,300,100,1,6952.5936928167
2021-03-08 15:30:22,5,1e-04,1.2,300,100,1,1096.72095031066
2021-03-08 15:30:06,1e-04,1e-04,1.2,300,100,1,5178.92695874562
2021-03-08 15:29:51,1e-04,1e-04,0.9,0.001,0.001,1,120.931711326053
2021-03-08 15:29:36,5,5,0.9,300,0.001,1,334.706996174533
2021-03-08 15:29:20,1e-04,1e-04,0.9,0.001,0.001,1,120.931487695986
2021-03-08 15:29:05,1e-04,1e-04,1.2,0.001,0.001,1,120.927401520149
2021-03-08 15:28:50,1e-04,1e-04,0.9,0.001,0.001,1,120.931487695986
2021-03-08 15:28:35,1e-04,1e-04,1.2,300,0.001,1.15,120.614894530776
2021-03-08 15:28:19,5,1e-04,0.9,0.001,100,1.15,207.834236569709
2021-03-08 15:28:04,1e-04,1e-04,1.2,300,0.001,1.15,120.620058974194
2021-03-08 15:27:49,5,5,0.9,300,0.001,1.15,120.797622731372
2021-03-08 15:27:33,1e-04,1e-04,1.2,300,0.001,1,117.780509133608
2021-03-08 15:27:17,1e-04,5,0.9,300,0.001,1,117.84100000761
2021-03-08 15:27:02,5,5,1.2,0.001,0.001,1,120.937189594635
2021-03-08 15:26:47,5,5,0.9,300,100,1.15,1450.41096875923
2021-03-08 15:26:32,1e-04,1e-04,0.9,0.001,0.001,1.15,120.932428504854
2021-03-08 15:26:16,1e-04,1e-04,1.2,0.001,0.001,1,120.926150328544
2021-03-08 15:26:01,1e-04,1e-04,0.9,300,0.001,1.15,120.612880871087
2021-03-08 15:25:46,1e-04,1e-04,0.9,300,100,1,5686.35791651038
2021-03-08 15:25:30,1e-04,1e-04,1.2,0.001,100,1.15,131.543338141233
2021-03-08 15:25:15,5,5,0.9,300,100,1.15,1450.41096875923
2021-03-08 15:25:00,5,5,1.2,300,100,1,6952.5936928167
2021-03-08 15:24:45,1e-04,1e-04,1.2,0.001,0.001,1,120.927401520149
2021-03-08 15:24:30,1e-04,1e-04,1.2,0.001,0.001,1,120.927401520149
2021-03-08 15:24:15,1e-04,1e-04,1.2,300,0.001,1.15,120.614894530776
2021-03-08 15:24:00,1e-04,1e-04,0.9,0.001,100,1,122.747303958942
2021-03-08 15:23:45,5,5,1.2,300,100,1,6952.5936928167
2021-03-08 15:23:30,1e-04,1e-04,0.9,0.001,100,1,122.747303958942
2021-03-08 15:23:14,5,5,0.9,300,100,1,6674.39648102313
2021-03-08 15:22:59,5,5,0.9,0.001,100,1.15,196.867780139192
2021-03-08 15:22:44,1e-04,1e-04,1.2,0.001,0.001,1,120.927401520149
2021-03-08 15:22:29,5,5,0.9,300,0.001,1,334.706996174533
2021-03-08 15:22:14,1e-04,1e-04,0.9,300,0.001,1,117.652783880114
2021-03-08 15:21:59,5,5,0.9,300,100,1,6674.39648102313
2021-03-08 15:21:43,1e-04,5,1.2,300,100,1,5598.02962956263
2021-03-08 15:21:28,1e-04,1e-04,0.9,300,100,1,5686.35791651038
2021-03-08 15:21:13,5,5,0.9,300,100,1,6674.39648102313
2021-03-08 15:20:58,5,5,0.9,0.001,100,1.15,207.164262912901
2021-03-08 15:20:43,1e-04,1e-04,0.9,0.001,0.001,1,120.931487695986
2021-03-08 15:20:27,1e-04,1e-04,1.2,0.001,100,1.15,131.543338141233
2021-03-08 15:20:12,5,5,0.9,300,0.001,1,334.706996174533
2021-03-08 15:19:57,1e-04,1e-04,1.2,300,0.001,1,117.780509133608
2021-03-08 15:19:41,1e-04,1e-04,1.2,0.001,100,1.15,131.543338141233
2021-03-08 15:19:26,1e-04,1e-04,0.9,0.001,0.001,1.15,120.932428504854
2021-03-08 15:19:11,5,5,1.2,300,100,1,6952.5936928167
2021-03-08 15:18:56,5,5,1.2,300,0.001,1.15,120.78127589452
2021-03-08 15:18:41,5,5,1.2,0.001,0.001,1,120.937189594635
2021-03-08 15:18:25,5,5,0.9,0.001,100,1,161.199924893787
2021-03-08 15:18:10,5,5,0.9,0.001,100,1.15,207.164262912901
2021-03-08 15:17:55,5,5,0.9,0.001,100,1,161.199924893787
2021-03-08 15:17:40,5,5,1.2,300,100,1,6952.5936928167
2021-03-08 15:17:24,1e-04,1e-04,1.2,0.001,0.001,1.15,120.932292754846
2021-03-08 15:17:10,1e-04,1e-04,1.2,0.001,100,1,123.905209396973
2021-03-08 15:16:55,5,5,1.2,300,100,1.15,1443.00228131705
2021-03-08 15:16:40,5,5,0.9,0.001,100,1.15,207.164262912901
2021-03-08 15:16:24,1e-04,1e-04,1.2,0.001,100,1,123.905209396973
2021-03-08 15:16:09,1e-04,1e-04,1.2,300,100,1.15,1136.7640069594
2021-03-08 15:15:54,5,5,0.9,300,100,1,6642.00958337688
2021-03-08 15:15:38,5,5,0.9,300,0.001,1,334.706996174533
2021-03-08 15:15:23,5,5,0.9,300,0.001,1,334.706996174533
2021-03-08 15:15:08,1e-04,1e-04,0.9,0.001,0.001,1,120.931487695986
2021-03-08 15:14:53,5,5,1.2,300,100,1.15,1443.00228131705
2021-03-08 15:14:38,5,5,1.2,300,0.001,1,937.912649849863
2021-03-08 15:14:23,1e-04,1e-04,1.2,0.001,100,1,123.905209396973
2021-03-08 15:14:07,1e-04,1e-04,0.9,0.001,100,1,122.747303958942
2021-03-08 15:13:52,1e-04,1e-04,0.9,0.001,0.001,1,120.931487695986
2021-03-08 15:13:37,5,5,1.2,0.001,100,1.15,218.482445889451
2021-03-08 15:13:22,1e-04,1e-04,0.9,300,0.001,1,117.652783880114
2021-03-08 15:13:06,5,5,1.2,300,0.001,1,876.588850741177
2021-03-08 15:12:51,5,1e-04,0.9,300,100,1,2206.02954305085
2021-03-08 15:12:36,5,5,0.9,0.001,0.001,1,120.9371928755
2021-03-08 15:12:20,5,5,0.9,0.001,0.001,1.15,120.747053187481
2021-03-08 15:12:05,5,5,0.9,300,100,1,6674.39648102313
2021-03-08 15:11:50,5,5,1.2,0.001,100,1.15,218.482445889451
2021-03-08 15:11:35,5,5,0.9,0.001,100,1,161.199924893787
2021-03-08 15:11:19,5,5,1.2,300,0.001,1.15,120.78127589452
2021-03-08 15:11:04,5,5,0.9,300,100,1,6674.39648102313
2021-03-08 15:10:49,5,5,0.9,300,0.001,1,334.706996174533
2021-03-08 15:10:34,5,5,1.2,0.001,0.001,1.15,120.937190601952
2021-03-08 15:10:19,1e-04,5,0.9,0.001,0.001,1,120.932721071107
2021-03-08 15:10:03,5,5,1.2,300,100,1.15,1443.00228131705
2021-03-08 15:09:48,5,5,1.2,0.001,100,1,159.034201874274
2021-03-08 15:09:33,5,5,0.9,0.001,100,1.15,207.164262912901
2021-03-08 15:09:18,1e-04,1e-04,0.9,300,0.001,1,117.652783880114
2021-03-08 15:09:02,1e-04,1e-04,0.9,0.001,0.001,1,120.931711326053
2021-03-08 15:08:47,1e-04,1e-04,1.2,0.001,0.001,1.15,120.932292754846
2021-03-08 15:08:32,1e-04,1e-04,1.2,300,100,1,5178.92695874562
2021-03-08 15:08:16,1e-04,1e-04,1.2,0.001,0.001,1,120.927401520149
2021-03-08 15:08:02,5,5,0.9,0.001,100,1,161.199924893787
2021-03-08 15:07:46,5,5,0.9,300,100,1,6674.39648102313
2021-03-08 15:07:31,1e-04,1e-04,0.9,0.001,100,1,122.747303958942
2021-03-08 15:07:16,1e-04,1e-04,1.2,0.001,0.001,1.15,120.928392230247
2021-03-08 15:07:00,1e-04,1e-04,1.2,0.001,0.001,1.15,120.932292754846
2021-03-08 15:06:45,1e-04,1e-04,0.9,0.001,0.001,1.15,120.932428504854
2021-03-08 15:06:30,1e-04,1e-04,0.9,300,100,1,5577.67868158636
2021-03-08 15:06:15,1e-04,1e-04,1.2,0.001,100,1,123.905209396973
2021-03-08 15:05:59,1e-04,1e-04,1.2,0.001,100,1,123.166122717714
2021-03-08 15:05:44,1e-04,1e-04,0.9,300,0.001,1.15,120.612880871087
2021-03-08 15:05:29,5,5,0.9,0.001,0.001,1.15,120.747053187481
2021-03-08 15:05:13,1e-04,1e-04,0.9,0.001,100,1.15,132.047803083299
2021-03-08 15:04:58,5,5,0.9,300,0.001,1.15,120.797622731372
2021-03-08 15:04:43,1e-04,1e-04,1.2,0.001,100,1,123.905209396973
2021-03-08 15:04:27,5,5,0.9,300,100,1,6674.39648102313
2021-03-08 15:04:12,5,5,1.2,300,0.001,1.15,120.78127589452
2021-03-08 15:03:57,1e-04,1e-04,1.2,0.001,0.001,1,120.927401520149
2021-03-08 15:03:42,5,5,1.2,300,0.001,1.15,120.78127589452
2021-03-08 15:03:27,1e-04,1e-04,0.9,0.001,0.001,1,120.931487695986
2021-03-08 15:03:11,5,5,0.9,0.001,0.001,1.15,120.937194214024
2021-03-08 15:02:56,1e-04,1e-04,0.9,0.001,0.001,1.15,120.932428504854
2021-03-08 15:02:41,5,5,0.9,300,100,1.15,1450.41096875923
2021-03-08 15:02:26,1e-04,1e-04,1.2,300,0.001,1,117.780509133608
2021-03-08 15:02:10,1e-04,1e-04,1.2,0.001,100,1,123.905209396973
2021-03-08 15:01:55,5,5,1.2,300,0.001,1.15,120.78127589452
2021-03-08 15:01:39,1e-04,1e-04,1.2,0.001,0.001,1,120.927401520149
2021-03-08 15:01:24,1e-04,1e-04,1.2,300,100,1,5178.92695874562
2021-03-08 15:01:08,5,5,0.9,300,100,1.15,1450.41096875923
2021-03-08 15:00:53,1e-04,1e-04,1.2,0.001,100,1.15,131.543338141233
2021-03-08 15:00:38,5,5,1.2,300,0.001,1.15,120.78127589452
2021-03-08 15:00:22,1e-04,1e-04,0.9,300,0.001,1,117.652783880114
2021-03-08 15:00:07,5,5,0.9,0.001,0.001,1,120.9371928755
2021-03-08 14:59:51,5,5,1.2,0.001,100,1.15,218.482445889451
2021-03-08 14:59:36,1e-04,1e-04,0.9,0.001,100,1,122.747303958942
2021-03-08 14:59:20,5,5,1.2,300,0.001,1.15,120.78127589452
2021-03-08 14:59:05,1e-04,1e-04,0.9,0.001,100,1.15,161.199924893787
2021-03-08 14:59:05,5,5,0.9,0.001,100,1,161.199924893787
2021-03-08 14:58:50,5,5,1.2,0.001,0.001,1,120.937189594635
2021-03-08 14:58:35,1e-04,1e-04,1.2,0.001,0.001,1.15,120.928392230247
2021-03-08 14:58:19,5,5,0.9,0.001,0.001,1,120.9371928755
2021-03-08 14:58:04,1e-04,1e-04,0.9,300,100,1.15,1086.2214494003
2021-03-08 14:57:49,1e-04,1e-04,1.2,0.001,0.001,1,120.927401520149
2021-03-08 14:57:33,5,5,0.9,300,0.001,1.15,120.797622731372
2021-03-08 14:57:18,5,5,1.2,300,0.001,1,937.912649849863
2021-03-08 14:57:03,1e-04,1e-04,1.2,300,0.001,1.15,120.614894530776
2021-03-08 14:56:48,5,5,1.2,300,0.001,1,876.588850741177
2021-03-08 14:56:33,5,5,0.9,0.001,100,1,161.199924893787
2021-03-08 14:56:18,1e-04,1e-04,0.9,300,100,1.15,1188.27906033963
2021-03-08 14:56:02,5,5,1.2,300,0.001,1,876.588850741177
2021-03-08 14:55:47,1e-04,1e-04,0.9,0.001,0.001,1,120.931487695986
2021-03-08 14:55:32,5,5,0.9,0.001,0.001,1,120.937193449784
2021-03-08 14:55:16,5,5,1.2,300,0.001,1.15,120.78127589452
2021-03-08 14:55:01,5,5,0.9,300,100,1,6674.39648102313
2021-03-08 14:54:45,5,5,1.2,300,100,1,6952.5936928167
2021-03-08 14:54:31,5,5,1.2,300,100,1,6952.5936928167
2021-03-08 14:54:16,1e-04,1e-04,1.2,300,100,1,5178.92695874562
2021-03-08 14:54:01,1e-04,1e-04,0.9,300,0.001,1.15,120.612880871087
2021-03-08 14:53:45,5,5,0.9,300,0.001,1,334.706996174533
2021-03-08 14:53:30,5,5,0.9,0.001,100,1,161.199924893787
2021-03-08 14:53:15,5,5,1.2,300,0.001,1,876.588850741177
2021-03-08 14:52:59,5,5,1.2,300,100,1,6952.5936928167
2021-03-08 14:52:44,5,5,0.9,300,100,1,6674.39648102313
2021-03-08 14:52:29,1e-04,1e-04,1.2,300,0.001,1.15,120.614894530776
2021-03-08 14:52:14,1e-04,1e-04,1.2,0.001,0.001,1.15,120.928392230247
2021-03-08 14:51:58,5,5,0.9,0.001,100,1,161.199924893787
2021-03-08 14:51:43,1e-04,1e-04,0.9,0.001,0.001,1.15,120.932428504854
2021-03-08 14:51:28,1e-04,1e-04,1.2,0.001,100,1.15,131.543338141233
2021-03-08 14:51:13,5,5,1.2,0.001,100,1,159.034201874274
2021-03-08 14:50:57,5,5,0.9,300,0.001,1,334.706996174533
2021-03-08 14:50:43,1e-04,1e-04,0.9,0.001,100,1.15,132.047803083299
2021-03-08 14:50:27,5,5,0.9,300,0.001,1,118.789480551909
2021-03-08 14:50:12,5,5,0.9,0.001,100,1,161.199924893787
2021-03-08 14:49:57,5,5,1.2,300,100,1.15,1444.34311247224
2021-03-08 14:49:42,1e-04,1e-04,1.2,0.001,0.001,1.15,120.928392230247
2021-03-08 14:49:27,5,5,0.9,300,0.001,1.15,120.797622731372
2021-03-08 14:49:12,1e-04,1e-04,0.9,300,100,1,5686.35791651038
2021-03-08 14:48:56,1e-04,1e-04,1.2,300,100,1.15,1136.7640069594
2021-03-08 14:48:41,5,5,0.9,300,0.001,1,334.706996174533
2021-03-08 14:48:26,1e-04,1e-04,0.9,300,100,1.15,1188.27906033963
2021-03-08 14:48:11,5,5,0.9,0.001,100,1,161.199924893787
2021-03-08 14:47:56,1e-04,1e-04,1.2,300,0.001,1.15,120.614894530776
2021-03-08 14:47:41,1e-04,1e-04,0.9,0.001,0.001,1.15,120.932428504854
2021-03-08 14:47:25,1e-04,1e-04,0.9,300,100,1,5686.35791651038
2021-03-08 14:47:09,1e-04,1e-04,0.9,300,100,1.15,1086.2214494003
2021-03-08 14:46:54,1e-04,1e-04,1.2,300,0.001,1.15,120.614894530776
2021-03-08 14:46:39,5,5,0.9,300,100,1,6674.39648102313
2021-03-08 14:46:24,1e-04,1e-04,1.2,300,0.001,1,117.780509133608
2021-03-08 14:46:09,5,5,0.9,300,0.001,1,334.706996174533
2021-03-08 14:45:54,1e-04,1e-04,1.2,0.001,0.001,1.15,120.928392230247
2021-03-08 14:45:38,5,1e-04,0.9,0.001,100,1,160.830770272812
2021-03-08 14:45:23,1e-04,1e-04,1.2,0.001,100,1,123.905209396973
2021-03-08 14:45:08,5,5,0.9,300,0.001,1,334.706996174533
2021-03-08 14:44:53,1e-04,1e-04,0.9,0.001,0.001,1,120.931487695986
2021-03-08 14:44:37,1e-04,1e-04,0.9,0.001,0.001,1.15,120.932428504854
2021-03-08 14:44:22,5,5,1.2,300,100,1,6952.5936928167
2021-03-08 14:44:07,5,5,0.9,0.001,0.001,1,120.9371928755
2021-03-08 14:43:52,1e-04,1e-04,1.2,0.001,100,1.15,131.543338141233
2021-03-08 14:43:37,5,5,0.9,0.001,0.001,1,120.9371928755
2021-03-08 14:43:21,5,5,0.9,0.001,0.001,1,120.9371928755
2021-03-08 14:43:05,5,5,0.9,300,100,1.15,1450.41096875923
2021-03-08 14:42:49,5,5,1.2,300,0.001,1,876.588850741177
2021-03-08 14:42:34,1e-04,1e-04,0.9,0.001,100,1.15,132.047803083299
2021-03-08 14:42:19,1e-04,1e-04,0.9,0.001,0.001,1.15,120.932428504854
2021-03-08 14:42:04,5,5,0.9,300,100,1.15,1450.41096875923
2021-03-08 14:41:48,1e-04,1e-04,1.2,300,100,1.15,1136.7640069594
2021-03-08 14:41:33,1e-04,1e-04,1.2,0.001,0.001,1,120.927401520149
2021-03-08 14:41:18,1e-04,1e-04,1.2,300,100,1.15,1136.7640069594
2021-03-08 14:41:03,5,5,1.2,0.001,0.001,1,120.937189594635
2021-03-08 14:40:48,5,5,0.9,0.001,0.001,1,120.9371928755
2021-03-08 14:40:33,1e-04,1e-04,1.2,300,100,1,5178.92695874562
2021-03-08 14:40:17,1e-04,1e-04,0.9,0.001,100,1.15,132.047803083299
2021-03-08 14:40:01,5,5,1.2,300,0.001,1.15,120.78127589452
2021-03-08 14:39:46,1e-04,1e-04,0.9,300,100,1,5686.35791651038
2021-03-08 14:39:31,5,1e-04,1.2,300,100,1.15,410.42664501854
2021-03-08 14:39:15,1e-04,1e-04,1.2,0.001,100,1.15,131.543338141233
2021-03-08 14:39:00,1e-04,1e-04,1.2,300,0.001,1.15,120.614894530776
2021-03-08 14:38:45,1e-04,1e-04,1.2,0.001,100,1,123.905209396973
2021-03-08 14:38:29,5,5,1.2,0.001,0.001,1.15,120.937190601952
2021-03-08 14:38:14,1e-04,1e-04,0.9,300,0.001,1.15,120.612880871087
2021-03-08 14:37:59,1e-04,1e-04,0.9,0.001,0.001,1,120.931487695986
2021-03-08 14:37:44,5,5,1.2,300,100,1,6952.5936928167
2021-03-08 14:37:29,5,5,1.2,0.001,100,1,158.502658180174
2021-03-08 14:37:13,1e-04,1e-04,0.9,0.001,0.001,1,120.931487695986
2021-03-08 14:36:58,1e-04,1e-04,0.9,0.001,0.001,1.15,120.932428504854
2021-03-08 14:36:43,5,5,0.9,0.001,100,1,161.199924893787
2021-03-08 14:36:28,5,5,0.9,300,100,1.15,1450.41096875923
2021-03-08 14:36:13,1e-04,1e-04,0.9,0.001,100,1.15,132.047803083299
2021-03-08 14:35:57,5,5,0.9,0.001,0.001,1.15,120.747053187481
2021-03-08 14:35:42,1e-04,1e-04,0.9,300,0.001,1.15,120.612880871087
2021-03-08 14:35:27,5,5,0.9,300,100,1.15,1450.41096875923
2021-03-08 14:35:12,5,5,1.2,0.001,0.001,1,120.937189594635
2021-03-08 14:34:57,5,5,1.2,0.001,0.001,1.15,120.937190601952
2021-03-08 14:34:41,5,5,1.2,300,100,1.15,1443.00228131705
2021-03-08 14:34:26,5,5,0.9,300,0.001,1,334.706996174533
2021-03-08 14:34:12,1e-04,1e-04,1.2,300,100,1,5178.92695874562
2021-03-08 14:33:57,1e-04,1e-04,1.2,0.001,100,1.15,131.543338141233
2021-03-08 14:33:42,5,5,1.2,0.001,0.001,1,120.937189594635
2021-03-08 14:33:26,1e-04,1e-04,1.2,0.001,0.001,1.15,120.928392230247
2021-03-08 14:33:11,5,5,1.2,300,100,1,6952.5936928167
2021-03-08 14:32:55,5,5,0.9,300,100,1.15,1450.41096875923
2021-03-08 14:32:40,1e-04,1e-04,1.2,0.001,0.001,1.15,120.928392230247
2021-03-08 14:32:24,5,5,0.9,300,100,1.15,1450.41096875923
2021-03-08 14:32:10,5,5,0.9,0.001,100,1,161.199924893787
2021-03-08 14:31:54,1e-04,1e-04,1.2,0.001,100,1.15,131.543338141233
2021-03-08 14:31:38,1e-04,1e-04,1.2,0.001,100,1,123.905209396973
2021-03-08 14:31:23,5,5,0.9,300,0.001,1,334.706996174533
2021-03-08 14:31:08,5,5,0.9,0.001,100,1.15,207.164262912901
2021-03-08 14:30:53,1e-04,1e-04,1.2,0.001,0.001,1,120.927401520149
2021-03-08 14:30:38,5,5,1.2,300,0.001,1,876.588850741177
2021-03-08 14:30:22,1e-04,1e-04,0.9,0.001,0.001,1.15,120.932428504854
2021-03-08 14:30:07,1e-04,1e-04,0.9,0.001,0.001,1.15,120.932428504854
2021-03-08 14:29:51,5,5,1.2,300,100,1,6952.5936928167
2021-03-08 14:29:37,1e-04,1e-04,1.2,0.001,100,1.15,131.543338141233
2021-03-08 14:29:21,1e-04,5,0.9,0.001,100,1.15,131.670474448295
2021-03-08 14:29:06,5,5,0.9,300,100,1.15,1450.41096875923
2021-03-08 14:28:51,1e-04,1e-04,0.9,300,0.001,1.15,120.615814953706
2021-03-08 14:28:36,1e-04,1e-04,1.2,300,0.001,1,117.780509133608
2021-03-08 14:28:20,5,5,0.9,300,100,1,6674.39648102313
2021-03-08 14:28:05,5,5,0.9,300,100,1,6674.39648102313
2021-03-08 14:27:49,1e-04,1e-04,0.9,300,100,1,5686.35791651038
2021-03-08 14:27:34,1e-04,1e-04,0.9,0.001,0.001,1.15,120.930486763332
2021-03-08 14:27:18,1e-04,1e-04,1.2,300,0.001,1,117.780509133608
2021-03-08 14:27:03,1e-04,1e-04,0.9,300,100,1.15,1086.2214494003
2021-03-08 14:26:47,5,5,1.02493690154639,300,100,1,6667.57777781027
2021-03-08 14:26:32,5,5,0.9,269.250577140775,100,1,6172.85779327987
2021-03-08 14:26:16,5,5,1.2,0.001,100,1.15,218.482445889451
2021-03-08 14:25:54,5,5,1.13350305288509,0.001,100,1.0840738573424,186.346033595884
2021-03-08 14:25:35,5,5,0.935374094836578,88.4763102443542,100,1.00723680699197,1781.68587521549
2021-03-08 14:25:19,5,5,1.00770263198187,300,100,1,7042.22936643195
2021-03-08 14:25:02,5,5,1.05930298185807,83.2325542177001,100,1.02341369442249,1414.2133092602
2021-03-08 14:24:45,5,5,1.03256773202525,284.523561193406,100,1,6848.84907318948
2021-03-08 14:24:30,5,5,1.064219964649,300,100,1.10508557044538,2377.38428663951
2021-03-05 10:14:45,5,5,1.13580817202298,230.922037478068,100,1.05597566123204,976.620861099565
2021-03-05 10:14:31,5,5,1.05460304567229,161.413271553201,100,1,976.620861099565
2021-03-05 10:14:17,5,5,1.04935587294413,300,87.5867084511256,1.04681164904105,976.620861099565
2021-03-05 10:14:04,5,5,1.05129613899641,300,100,1,976.620861099565
2021-03-05 10:13:50,5,5,0.9,300,100,1,976.620861099565
2021-03-05 10:13:35,5,5,1.07741926189781,272.085697474714,100,1.13510061076537,976.620861099565
