DateTime,Depth,temp
2014-05-14,0.1,21.5335
2014-05-14,1,20.7267
2014-05-14,2,19.9773
2014-05-14,3,17.7273
2014-05-14,4,14.2853
2014-05-14,5,11.7211
2014-05-14,6,9.6967
2014-05-14,7,8.5209
2014-05-14,8,7.8544
2014-05-14,9,7.3332
2014-05-14,10,6.9084
2014-05-14,11,6.8539
2014-05-29,0.1,22.8648
2014-05-29,1,22.5354
2014-05-29,2,21.903
2014-05-29,3,20.561
2014-05-29,4,17.0268
2014-05-29,5,11.1783
2014-05-29,6,8.9796
2014-05-29,7,7.922
2014-05-29,8,7.4196
2014-05-29,9,7.1392
2014-05-29,10,6.9399
2014-05-29,11,6.8624
2014-06-04,0.1,23.5578
2014-06-04,1,23.5571
2014-06-04,2,23.468
2014-06-04,3,21.5993
2014-06-04,4,14.7595
2014-06-04,5,11.5501
2014-06-04,6,9.8365
2014-06-04,7,8.4134
2014-06-04,8,7.7758
2014-06-04,9,7.2414
2014-06-04,10,6.9411
2014-06-04,11,6.8007
2014-06-18,0.1,26.5018
2014-06-18,1,26.4896
2014-06-18,2,26.4456
2014-06-18,3,24.515
2014-06-18,4,18.4536
2014-06-18,5,13.0697
2014-06-18,6,10.2099
2014-06-18,7,8.8451
2014-06-18,8,8.17
2014-06-18,9,7.6458
2014-06-18,10,7.2657
2014-06-18,11,7.006
2014-06-25,0.1,26.6621
2014-06-25,1,26.3005
2014-06-25,2,26.1697
2014-06-25,3,24.1546
2014-06-25,4,17.7377
2014-06-25,5,11.8613
2014-06-25,6,10.0187
2014-06-25,7,8.7844
2014-06-25,8,7.9784
2014-06-25,9,7.3861
2014-06-25,10,7.0672
2014-06-25,11,6.9333
2014-07-02,0.1,27.5475
2014-07-02,1,27.3661
2014-07-02,2,25.9502
2014-07-02,3,24.1301
2014-07-02,4,16.468
2014-07-02,5,12.6727
2014-07-02,6,9.7969
2014-07-02,7,8.6865
2014-07-02,8,7.9882
2014-07-02,9,7.4064
2014-07-02,10,7.1015
2014-07-02,11,6.9079
2014-07-09,0.1,26.6066
2014-07-09,1,26.134
2014-07-09,2,25.848
2014-07-09,3,23.3371
2014-07-09,4,17.7333
2014-07-09,5,12.3931
2014-07-09,6,9.8701
2014-07-09,7,8.6468
2014-07-09,8,7.874
2014-07-09,9,7.4109
2014-07-09,10,7.1667
2014-07-09,11,6.9663
2014-07-16,0.1,25.7582
2014-07-16,1,25.7695
2014-07-16,2,25.7709
2014-07-16,3,25.5845
2014-07-16,4,17.7392
2014-07-16,5,11.9687
2014-07-16,6,9.9571
2014-07-16,7,8.7778
2014-07-16,8,7.8179
2014-07-16,9,7.3856
2014-07-16,10,7.1795
2014-07-16,11,7.0282
2014-07-23,0.1,25.9965
2014-07-23,1,25.7009
2014-07-23,2,25.1677
2014-07-23,3,21.6272
2014-07-23,4,16.3045
2014-07-23,5,11.8443
2014-07-23,6,10.1908
2014-07-23,7,8.9308
2014-07-23,8,7.9364
2014-07-23,9,7.4126
2014-07-23,10,7.1883
2014-07-23,11,6.9635
2014-07-30,0.1,24.2081
2014-07-30,1,23.9812
2014-07-30,2,23.7127
2014-07-30,3,22.5422
2014-07-30,4,16.6367
2014-07-30,5,12.3808
2014-07-30,6,9.6359
2014-07-30,7,8.3882
2014-07-30,8,7.6486
2014-07-30,9,7.3734
2014-07-30,10,7.2097
2014-07-30,11,7.0273
2014-08-13,0.1,21.6129
2014-08-13,1,21.6082
2014-08-13,2,21.6027
2014-08-13,3,21.599
2014-08-13,4,19.2448
2014-08-13,5,13.6034
2014-08-13,6,10.5498
2014-08-13,7,8.7916
2014-08-13,8,8.058
2014-08-13,9,7.4351
2014-08-13,10,7.2445
2014-08-13,11,7.1247
2014-09-04,0.1,25.8837
2014-09-04,1,25.8815
2014-09-04,2,24.8129
2014-09-04,3,21.7209
2014-09-04,4,17.647
2014-09-04,5,13.4034
2014-09-04,6,9.9134
2014-09-04,7,8.5393
2014-09-04,8,7.9216
2014-09-04,9,7.5829
2014-09-04,10,7.4015
2014-09-04,11,7.2605
2014-09-25,0.1,19.3937
2014-09-25,1,19.3886
2014-09-25,2,19.3687
2014-09-25,3,19.3584
2014-09-25,4,19.3344
2014-09-25,5,14.0564
2014-09-25,6,10.6705
2014-09-25,7,8.8658
2014-09-25,8,7.9429
2014-09-25,9,7.6134
2014-09-25,10,7.4735
2014-09-25,11,7.3041
2014-10-23,0.1,13.4511
2014-10-23,1,13.4848
2014-10-23,2,13.4944
2014-10-23,3,13.4956
2014-10-23,4,13.4638
2014-10-23,5,13.4372
2014-10-23,6,13.4154
2014-10-23,7,13.408
2014-10-23,8,11.8946
2014-10-23,9,7.9047
2014-10-23,10,7.6451
2014-10-23,11,7.5454
2015-05-14,0.1,21.05103
2015-05-14,1,20.8417
2015-05-14,2,18.5255
2015-05-14,3,15.1426
2015-05-14,4,13.338
2015-05-14,5,11.408
2015-05-14,6,9.8812
2015-05-14,7,8.7448
2015-05-14,8,7.9426
2015-05-14,9,7.6994
2015-05-14,10,7.5786
2015-05-14,11,7.4605
2015-05-21,0.1,20.1053
2015-05-21,1,21.2811
2015-05-21,2,21.213
2015-05-21,3,17.2174
2015-05-21,4,14.0815
2015-05-21,5,11.8238
2015-05-21,6,10.053
2015-05-21,7,8.4809
2015-05-21,8,7.8659
2015-05-21,9,7.6769
2015-05-21,10,7.5897
2015-05-21,11,7.5364
2015-05-28,0.1,23.869
2015-05-28,1,23.6969
2015-05-28,2,23.5388
2015-05-28,3,17.9548
2015-05-28,4,14.7831
2015-05-28,5,12.6072
2015-05-28,6,10.5096
2015-05-28,7,9.2911
2015-05-28,8,8.4329
2015-05-28,9,8.0365
2015-05-28,10,7.717
2015-05-28,11,7.555525
2015-06-04,0.1,22.2
2015-06-04,1,22.3
2015-06-04,2,22.3
2015-06-04,3,22.3
2015-06-04,4,20.4
2015-06-04,5,16
2015-06-04,6,13.4
2015-06-04,7,11.7
2015-06-04,8,10
2015-06-04,9,9
2015-06-04,10,8.1
2015-06-04,11,7.8
2015-06-11,0.1,24.7237
2015-06-11,1,24.5333
2015-06-11,2,24.078
2015-06-11,3,20.0549
2015-06-11,4,16.7965
2015-06-11,5,13.1516
2015-06-11,6,11.0079
2015-06-11,7,9.8969
2015-06-11,8,8.7142
2015-06-11,9,8.058
2015-06-11,10,7.7593
2015-06-11,11,7.5782
2015-06-18,0.1,28.3076
2015-06-18,1,27.6644
2015-06-18,2,25.9723
2015-06-18,3,22.0399
2015-06-18,4,17.6925
2015-06-18,5,12.7957
2015-06-18,6,10.5208
2015-06-18,7,9.4769
2015-06-18,8,8.4924
2015-06-18,9,8.0173
2015-06-18,10,7.7167
2015-06-18,11,7.6596
2015-06-19,0.1,27.1113
2015-06-19,1,26.8839
2015-06-19,2,27.2547
2015-06-19,3,21.98115
2015-06-19,4,16.291
2015-06-19,5,12.8929
2015-06-19,6,11.39775
2015-06-19,7,9.5636
2015-06-19,8,8.7989
2015-06-19,9,7.9996
2015-06-19,10,7.842875
2015-06-19,11,7.6917
2015-06-25,0.1,27.9371
2015-06-25,1,27.7069
2015-06-25,2,26.7426
2015-06-25,3,23.0681
2015-06-25,4,18.3901
2015-06-25,5,13.8406
2015-06-25,6,11.1052
2015-06-25,7,9.361
2015-06-25,8,8.3385
2015-06-25,9,8.0453
2015-06-25,10,7.7799
2015-06-25,11,7.7133
2015-07-02,0.1,25.3714
2015-07-02,1,25.3416
2015-07-02,2,25.2773
2015-07-02,3,23.8593
2015-07-02,4,18.0437
2015-07-02,5,14.2188
2015-07-02,6,11.0822
2015-07-02,7,9.3475
2015-07-02,8,8.4072
2015-07-02,9,8.0915
2015-07-02,10,7.9134
2015-07-02,11,7.7049
2015-07-09,0.1,25.0477
2015-07-09,1,24.9502
2015-07-09,2,24.8462
2015-07-09,3,24.5398
2015-07-09,4,19.9956
2015-07-09,5,14.8897
2015-07-09,6,11.2598
2015-07-09,7,10.00885
2015-07-09,8,9.1164
2015-07-09,9,8.364
2015-07-09,10,7.945
2015-07-09,11,7.6209
2015-07-16,0.1,25.876
2015-07-16,1,25.7619
2015-07-16,2,25.4279
2015-07-16,3,24.3636
2015-07-16,4,19.819
2015-07-16,5,14.8906
2015-07-16,6,11.7988
2015-07-16,7,9.8835
2015-07-16,8,8.6187
2015-07-16,9,8.2662
2015-07-16,10,8.1466
2015-07-16,11,7.7896
2015-07-23,0.1,27.0723
2015-07-23,1,27.0395
2015-07-23,2,26.8009
2015-07-23,3,24.4115
2015-07-23,4,19.7716
2015-07-23,5,14.7845
2015-07-23,6,11.3515
2015-07-23,7,10.0758
2015-07-23,8,8.8653
2015-07-23,9,8.2769
2015-07-23,10,7.9783
2015-07-23,11,7.7248
2015-07-30,0.1,27.6016
2015-07-30,1,27.6768
2015-07-30,2,27.5753
2015-07-30,3,25.0513
2015-07-30,4,19.8394
2015-07-30,5,14.7764
2015-07-30,6,11.8277
2015-07-30,7,10.2709
2015-07-30,8,9.1168
2015-07-30,9,8.375
2015-07-30,10,8.0009
2015-07-30,11,7.7458
2015-08-13,0.1,25.7
2015-08-13,1,25.6
2015-08-13,2,25.5
2015-08-13,3,25.4
2015-08-13,4,25
2015-08-13,5,22.6
2015-08-13,6,18
2015-08-13,7,13.6
2015-08-13,8,11.4
2015-08-13,9,9.5
2015-08-13,10,8.6
2015-08-13,11,8.3
2015-09-04,0.1,27.2332
2015-09-04,1,26.594
2015-09-04,2,26.2279
2015-09-04,3,25.5928
2015-09-04,4,23.7018
2015-09-04,5,21.0099
2015-09-04,6,15.6245
2015-09-04,7,12.0317
2015-09-04,8,10.3029
2015-09-04,9,8.8782
2015-09-04,10,8.4435
2015-09-04,11,8.1316
2015-09-18,0.1,23.1102
2015-09-18,1,23.0259
2015-09-18,2,22.554
2015-09-18,3,22.3653
2015-09-18,4,21.8946
2015-09-18,5,20.9536
2015-09-18,6,15.5084
2015-09-18,7,11.9778
2015-09-18,8,9.8356
2015-09-18,9,8.9741
2015-09-18,10,8.5505
2015-09-18,11,8.1761
2015-10-02,0.1,18.8554
2015-10-02,1,18.8855
2015-10-02,2,18.8891
2015-10-02,3,18.8865
2015-10-02,4,18.8858
2015-10-02,5,18.7953
2015-10-02,6,17.9149
2015-10-02,7,13.8796
2015-10-02,8,10.9193
2015-10-02,9,9.1318
2015-10-02,10,8.567
2015-10-02,11,8.3724
2015-10-23,0.1,15.59805
2015-10-23,1,15.5354
2015-10-23,2,15.1719
2015-10-23,3,14.9856
2015-10-23,4,14.7177
2015-10-23,5,14.2896
2015-10-23,6,14.0982
2015-10-23,7,13.9341
2015-10-23,8,13.0578
2015-10-23,9,9.8006
2015-10-23,10,9.1771
2015-10-23,11,8.8719
2016-04-05,0.1,11.45
2016-04-05,1,11.5
2016-04-05,2,11.4
2016-04-05,3,11.4
2016-04-05,4,11.3
2016-04-05,5,10.9
2016-04-05,6,9.3
2016-04-05,7,8.3
2016-04-05,8,7.4
2016-04-05,9,6.6
2016-04-05,10,6.2
2016-04-05,11,6.1
2016-04-06,0.1,11.5
2016-04-06,1,11.5
2016-04-06,2,11.4
2016-04-06,3,11.4
2016-04-06,4,11.4
2016-04-06,5,11.2
2016-04-06,6,9.8
2016-04-06,7,8.8
2016-04-06,8,7.8
2016-04-06,9,7
2016-04-06,10,6.3
2016-04-06,11,6.2
2016-04-20,0.1,15.9
2016-04-20,1,15.5
2016-04-20,2,14.5
2016-04-20,3,12.8
2016-04-20,4,11.6
2016-04-20,5,11
2016-04-20,6,10.3
2016-04-20,7,9.7
2016-04-20,8,9.1
2016-04-20,9,8.4
2016-04-20,10,7.7
2016-04-20,11,7.3
2016-05-04,0.1,19.6
2016-05-04,1,19.6
2016-05-04,2,19.5
2016-05-04,3,18.2
2016-05-04,4,15.7
2016-05-04,5,12.2
2016-05-04,6,10.8
2016-05-04,7,10
2016-05-04,8,9.5
2016-05-04,9,8.3
2016-05-04,10,7.8
2016-05-04,11,7.7
2016-05-12,0.1,19.178
2016-05-12,1,19.154
2016-05-12,2,18.7808
2016-05-12,3,17.397
2016-05-12,4,15.469
2016-05-12,5,12.7387
2016-05-12,6,10.7533
2016-05-12,7,9.6135
2016-05-12,8,8.4061
2016-05-12,9,7.9334
2016-05-12,10,7.7528
2016-05-12,11,7.593
2016-05-19,0.1,16.6825
2016-05-19,1,16.6841
2016-05-19,2,16.6671
2016-05-19,3,16.6497
2016-05-19,4,16.6106
2016-05-19,5,13.3145
2016-05-19,6,10.6811
2016-05-19,7,9.8162
2016-05-19,8,8.7056
2016-05-19,9,8.0743
2016-05-19,10,7.8275
2016-05-19,11,7.5604
2016-05-26,0.1,20.6863
2016-05-26,1,20.6536
2016-05-26,2,18.2988
2016-05-26,3,17.6756
2016-05-26,4,16.7103
2016-05-26,5,13.9921
2016-05-26,6,11.2745
2016-05-26,7,9.718
2016-05-26,8,8.3909
2016-05-26,9,8.068
2016-05-26,10,7.9469
2016-05-26,11,7.7577
2016-05-29,0.1,23.1177
2016-05-29,1,22.9614
2016-05-29,2,19.6232
2016-05-29,3,18.1381
2016-05-29,4,16.938
2016-05-29,5,14.0535
2016-05-29,6,11.0209
2016-05-29,7,9.9082
2016-05-29,8,9.0251
2016-05-29,9,8.2975
2016-05-29,10,8.0537
2016-05-29,11,7.6969
2016-05-31,0.1,24.3209
2016-05-31,1,23.7661
2016-05-31,2,19.9931
2016-05-31,3,18.3591
2016-05-31,4,16.7732
2016-05-31,5,14.4628
2016-05-31,6,10.9875
2016-05-31,7,9.8164
2016-05-31,8,8.9489
2016-05-31,9,8.3773
2016-05-31,10,8.1199
2016-05-31,11,7.6875
2016-06-02,0.1,24.2618
2016-06-02,1,23.1865
2016-06-02,2,20.5774
2016-06-02,3,19.2529
2016-06-02,4,17.472
2016-06-02,5,13.5322
2016-06-02,6,11.0347
2016-06-02,7,9.8543
2016-06-02,8,8.8933
2016-06-02,9,8.2957
2016-06-02,10,8.0848
2016-06-02,11,7.695
2016-06-07,0.1,25.2975
2016-06-07,1,24.8828
2016-06-07,2,24.8726
2016-06-07,3,19.7382
2016-06-07,4,17.1413
2016-06-07,5,13.7407
2016-06-07,6,10.9362
2016-06-07,7,9.7738
2016-06-07,8,8.7516
2016-06-07,9,8.259
2016-06-07,10,7.9892
2016-06-07,11,7.6759
2016-06-08,0.1,24.0375
2016-06-08,1,23.7342
2016-06-08,2,23.898
2016-06-08,3,20.0214
2016-06-08,4,17.7311
2016-06-08,5,14.06705
2016-06-08,6,11.8652
2016-06-08,7,9.8488
2016-06-08,8,8.7013
2016-06-08,9,8.1589
2016-06-08,10,7.9815
2016-06-08,11,7.7325
2016-06-16,0.1,24.3533
2016-06-16,1,24.3431
2016-06-16,2,24.3052
2016-06-16,3,24.304
2016-06-16,4,19.3618
2016-06-16,5,14.0592
2016-06-16,6,11.5035
2016-06-16,7,10.1468
2016-06-16,8,9.0598
2016-06-16,9,8.4814
2016-06-16,10,8.2243
2016-06-16,11,8.0462
2016-06-23,0.1,23.57155
2016-06-23,1,23.9927
2016-06-23,2,24.0898
2016-06-23,3,24.0759
2016-06-23,4,23.993
2016-06-23,5,16.2979
2016-06-23,6,13.6299
2016-06-23,7,11.712
2016-06-23,8,9.8214
2016-06-23,9,8.7513
2016-06-23,10,8.3915
2016-06-23,11,8.0602
2016-06-26,0.1,25.0914
2016-06-26,1,24.5738
2016-06-26,2,24.1981
2016-06-26,3,23.4898
2016-06-26,4,21.3788
2016-06-26,5,16.2884
2016-06-26,6,12.7116
2016-06-26,7,11.2546
2016-06-26,8,9.8079
2016-06-26,9,8.8525
2016-06-26,10,8.4633
2016-06-26,11,8.0911
2016-06-28,0.1,24.6053
2016-06-28,1,25.0295
2016-06-28,2,25.0359
2016-06-28,3,24.8191
2016-06-28,4,23.325
2016-06-28,5,20.5051
2016-06-28,6,16.7888
2016-06-28,7,15.1172
2016-06-28,8,9.9138
2016-06-28,9,8.667
2016-06-28,10,8.4185
2016-06-28,11,8.0672
2016-06-30,0.1,25.6058
2016-06-30,1,25.2953
2016-06-30,2,24.8785
2016-06-30,3,24.1871
2016-06-30,4,21.3184
2016-06-30,5,15.6954
2016-06-30,6,13.1127
2016-06-30,7,11.1511
2016-06-30,8,9.73
2016-06-30,9,8.7395
2016-06-30,10,8.357
2016-06-30,11,8.1426
2016-07-07,0.1,26.0149
2016-07-07,1,25.9044
2016-07-07,2,25.1246
2016-07-07,3,23.2979
2016-07-07,4,20.3772
2016-07-07,5,17.5809
2016-07-07,6,13.5431
2016-07-07,7,11.2111
2016-07-07,8,9.5719
2016-07-07,9,8.7104
2016-07-07,10,8.4101
2016-07-07,11,8.0185
2016-07-14,0.1,26.9835
2016-07-14,1,26.5884
2016-07-14,2,26.2121
2016-07-14,3,24.9425
2016-07-14,4,21.2548
2016-07-14,5,17.502
2016-07-14,6,13.0232
2016-07-14,7,11.2343
2016-07-14,8,9.8093
2016-07-14,9,8.8195
2016-07-14,10,8.5654
2016-07-14,11,8.2183
2016-07-21,0.1,28.03885
2016-07-21,1,28.0744
2016-07-21,2,27.5861
2016-07-21,3,25.6366
2016-07-21,4,22.0068
2016-07-21,5,17.2642
2016-07-21,6,13.6919
2016-07-21,7,11.5132
2016-07-21,8,9.8368
2016-07-21,9,8.8112
2016-07-21,10,8.5406
2016-07-21,11,8.222
2016-07-24,0.1,29.4323
2016-07-24,1,29.2099
2016-07-24,2,28.371
2016-07-24,3,26.3451
2016-07-24,4,21.6842
2016-07-24,5,17.5582
2016-07-24,6,13.8632
2016-07-24,7,11.4884
2016-07-24,8,9.618
2016-07-24,9,8.8948
2016-07-24,10,8.515
2016-07-24,11,8.1889
2016-07-28,0.1,30.1595
2016-07-28,1,30.0816
2016-07-28,2,29.5923
2016-07-28,3,25.8888
2016-07-28,4,21.5947
2016-07-28,5,17.6227
2016-07-28,6,14.1241
2016-07-28,7,11.4341
2016-07-28,8,9.5882
2016-07-28,9,8.8645
2016-07-28,10,8.6185
2016-07-28,11,8.3452
2016-08-04,0.1,26.4
2016-08-04,1,26.3
2016-08-04,2,26.3
2016-08-04,3,26.3
2016-08-04,4,25.3
2016-08-04,5,21.1
2016-08-04,6,16.3
2016-08-04,7,13.3
2016-08-04,8,11.4
2016-08-04,9,9.7
2016-08-04,10,8.9
2016-08-04,11,8.5
2016-08-11,0.1,26.8593
2016-08-11,1,26.8486
2016-08-11,2,26.7885
2016-08-11,3,26.594
2016-08-11,4,22.8739
2016-08-11,5,18.6387
2016-08-11,6,14.041
2016-08-11,7,11.7723
2016-08-11,8,10.0555
2016-08-11,9,8.8786
2016-08-11,10,8.552
2016-08-11,11,8.3306
2016-08-18,0.1,27.0012
2016-08-18,1,27.0234
2016-08-18,2,26.9861
2016-08-18,3,27.0792
2016-08-18,4,23.4864
2016-08-18,5,18.2633
2016-08-18,6,14.0335
2016-08-18,7,11.7512
2016-08-18,8,9.9001
2016-08-18,9,9.0542
2016-08-18,10,8.6738
2016-08-18,11,8.4636
2016-08-23,0.1,26.1061
2016-08-23,1,26.0835
2016-08-23,2,25.9633
2016-08-23,3,25.6164
2016-08-23,4,23.4328
2016-08-23,5,19.2235
2016-08-23,6,15.004
2016-08-23,7,11.6803
2016-08-23,8,9.9155
2016-08-23,9,9.2921
2016-08-23,10,8.9192
2016-08-23,11,8.5158
2016-09-06,0.1,24.4416
2016-09-06,1,24.7741
2016-09-06,2,24.7606
2016-09-06,3,24.7629
2016-09-06,4,24.6976
2016-09-06,5,19.2401
2016-09-06,6,15.2194
2016-09-06,7,11.7998
2016-09-06,8,9.876
2016-09-06,9,9.1936
2016-09-06,10,8.9355
2016-09-06,11,8.4327
2016-09-16,0.1,23.6904
2016-09-16,1,24.3892
2016-09-16,2,24.4181
2016-09-16,3,24.5174
2016-09-16,4,24.19135
2016-09-16,5,21.5462
2016-09-16,6,21.6585
2016-09-16,7,12.2349
2016-09-16,8,10.327
2016-09-16,9,9.3064
2016-09-16,10,9.0233
2016-09-16,11,8.529
2016-09-17,0.1,23.6446
2016-09-17,1,24.1108
2016-09-17,2,24.1239
2016-09-17,3,24.1135
2016-09-17,4,23.3136
2016-09-17,5,23.3307
2016-09-17,6,14.7529
2016-09-17,7,11.8863
2016-09-17,8,10.1613
2016-09-17,9,9.1305
2016-09-17,10,8.8595
2016-09-17,11,8.5554
2016-09-27,0.1,22.3727
2016-09-27,1,22.4719
2016-09-27,2,22.4547
2016-09-27,3,22.4143
2016-09-27,4,22.392
2016-09-27,5,20.5515
2016-09-27,6,15.2124
2016-09-27,7,12.0962
2016-09-27,8,10.0974
2016-09-27,9,9.3846
2016-09-27,10,9.0248
2016-09-27,11,8.6638
2016-10-11,0.1,16.6438
2016-10-11,1,17.3864
2016-10-11,2,17.4447
2016-10-11,3,17.4365
2016-10-11,4,17.4219
2016-10-11,5,17.3946
2016-10-11,6,17.3118
2016-10-11,7,16.9044
2016-10-11,8,12.2037
2016-10-11,9,10.3692
2016-10-11,10,9.7842
2016-10-11,11,9.1435
2016-10-25,0.1,14.9
2016-10-25,1,14.9
2016-10-25,2,14.9
2016-10-25,3,14.9
2016-10-25,4,14.9
2016-10-25,5,14.8
2016-10-25,6,14.8
2016-10-25,7,14.8
2016-10-25,8,14.7
2016-10-25,9,12.3
2016-10-25,10,10.2
2016-10-25,11,9.3
2016-11-11,0.1,13.1832
2016-11-11,1,12.8383
2016-11-11,2,12.7843
2016-11-11,3,12.7694
2016-11-11,4,12.7703
2016-11-11,5,12.7665
2016-11-11,6,12.7711
2016-11-11,7,12.7717
2016-11-11,8,12.7684
2016-11-11,9,12.7692
2016-11-11,10,12.7683
2016-11-11,11,12.7498
2017-03-17,0.1,6.3087
2017-03-17,1,5.9303
2017-03-17,2,5.6199
2017-03-17,3,5.6631
2017-03-17,4,5.604
2017-03-17,5,5.4605
2017-03-17,6,5.4767
2017-03-17,7,5.4456
2017-03-17,8,5.4093
2017-03-17,9,5.4108
2017-03-17,10,5.4045
2017-03-17,11,5.3946
2017-04-10,0.1,13.3044
2017-04-10,1,13.2181
2017-04-10,2,12.68665
2017-04-10,3,12.1952
2017-04-10,4,11.6176
2017-04-10,5,11.3089
2017-04-10,6,10.9622
2017-04-10,7,10.7884
2017-04-10,8,10.099
2017-04-10,9,9.064
2017-04-10,10,8.6244
2017-04-10,11,8.1627
2017-05-05,0.1,17.6876
2017-05-05,1,17.4895
2017-05-05,2,17.2877
2017-05-05,3,15.4411
2017-05-05,4,13.4176
2017-05-05,5,12.2855
2017-05-05,6,11.2751
2017-05-05,7,10.513
2017-05-05,8,9.0513
2017-05-05,9,8.7279
2017-05-05,10,8.4378
2017-05-05,11,8.2339
2017-05-10,0.1,15.7904
2017-05-10,1,15.6988
2017-05-10,2,15.6557
2017-05-10,3,15.6376
2017-05-10,4,14.2062
2017-05-10,5,12.3822
2017-05-10,6,11.06
2017-05-10,7,9.9571
2017-05-10,8,9.1305
2017-05-10,9,8.8882
2017-05-10,10,8.5217
2017-05-10,11,8.2618
2017-05-18,0.1,22.2
2017-05-18,1,21.7
2017-05-18,2,21.1
2017-05-18,3,18
2017-05-18,4,16.2
2017-05-18,5,14.8
2017-05-18,6,12.9
2017-05-18,7,10.9
2017-05-18,8,9.8
2017-05-18,9,9.1
2017-05-18,10,8.9
2017-05-18,11,8.8
2017-05-25,0.1,19.4
2017-05-25,1,19.3
2017-05-25,2,19.1
2017-05-25,3,19.1
2017-05-25,4,18.5
2017-05-25,5,15.1
2017-05-25,6,12.6
2017-05-25,7,11.2
2017-05-25,8,10.5
2017-05-25,9,9.7
2017-05-25,10,9.1
2017-05-25,11,8.8
2017-05-30,0.1,22.3
2017-05-30,1,22.2
2017-05-30,2,22.1
2017-05-30,3,19
2017-05-30,4,17.4
2017-05-30,5,15.3
2017-05-30,6,13.5
2017-05-30,7,11.5
2017-05-30,8,10.2
2017-05-30,9,9.6
2017-05-30,10,9.3
2017-05-30,11,9
2017-06-01,0.1,22.8
2017-06-01,1,22.4
2017-06-01,2,22.1
2017-06-01,3,19.5
2017-06-01,4,17.6
2017-06-01,5,14.9
2017-06-01,6,13.2
2017-06-01,7,11.5
2017-06-01,8,10.6
2017-06-01,9,9.6
2017-06-01,10,9.2
2017-06-01,11,9
2017-06-08,0.1,21
2017-06-08,1,21.1
2017-06-08,2,21
2017-06-08,3,20.8
2017-06-08,4,17.3
2017-06-08,5,15.4
2017-06-08,6,12.8
2017-06-08,7,11.1
2017-06-08,8,10.2
2017-06-08,9,9.7
2017-06-08,10,9.2
2017-06-08,11,8.9
2017-06-15,0.1,27.2
2017-06-15,1,26.2
2017-06-15,2,23.6
2017-06-15,3,21.9
2017-06-15,4,19.3
2017-06-15,5,16
2017-06-15,6,14.1
2017-06-15,7,12.3
2017-06-15,8,10.9
2017-06-15,9,10.2
2017-06-15,10,9.5
2017-06-15,11,9.2
2017-06-22,0.1,25.8
2017-06-22,1,25.7
2017-06-22,2,25.6
2017-06-22,3,22.2
2017-06-22,4,18.7
2017-06-22,5,16.2
2017-06-22,6,13.3
2017-06-22,7,11.2
2017-06-22,8,10.3
2017-06-22,9,9.6
2017-06-22,10,9.2
2017-06-22,11,8.9
2017-06-29,0.1,25.1
2017-06-29,1,24.3
2017-06-29,2,23.7
2017-06-29,3,22.4
2017-06-29,4,19.3
2017-06-29,5,16.2
2017-06-29,6,12.6
2017-06-29,7,11.3
2017-06-29,8,10.4
2017-06-29,9,9.8
2017-06-29,10,9.4
2017-06-29,11,9.2
2017-07-07,0.1,26.1
2017-07-07,1,26
2017-07-07,2,25.9
2017-07-07,3,25.8
2017-07-07,4,17.4
2017-07-07,5,14.1
2017-07-07,6,12.3
2017-07-07,7,10.9
2017-07-07,8,9.9
2017-07-07,9,9.4
2017-07-07,10,9.1
2017-07-07,11,9.1
2017-07-13,0.1,31.9
2017-07-13,1,29
2017-07-13,2,27.4
2017-07-13,3,23.5
2017-07-13,4,17.4
2017-07-13,5,13.6
2017-07-13,6,12
2017-07-13,7,10.7
2017-07-13,8,10
2017-07-13,9,9.5
2017-07-13,10,9.2
2017-07-13,11,9.2
2017-07-20,0.1,29.5
2017-07-20,1,29
2017-07-20,2,28.6
2017-07-20,3,20.7
2017-07-20,4,15
2017-07-20,5,12.6
2017-07-20,6,11.3
2017-07-20,7,10.4
2017-07-20,8,9.8
2017-07-20,9,9.5
2017-07-20,10,9.5
2017-07-20,11,9.5
2017-07-27,0.1,27
2017-07-27,1,26.6
2017-07-27,2,26.4
2017-07-27,3,22.3
2017-07-27,4,16.7
2017-07-27,5,12.7
2017-07-27,6,11.7
2017-07-27,7,10.5
2017-07-27,8,9.8
2017-07-27,9,9.5
2017-07-27,10,9.5
2017-07-27,11,9.5
2017-08-03,0.1,25.6
2017-08-03,1,25.5
2017-08-03,2,24.9
2017-08-03,3,22.8
2017-08-03,4,16.7
2017-08-03,5,13.2
2017-08-03,6,11.3
2017-08-03,7,10.2
2017-08-03,8,9.8
2017-08-03,9,9.5
2017-08-03,10,9.5
2017-08-03,11,9.5
2017-08-10,0.1,24.7
2017-08-10,1,24.6
2017-08-10,2,24.4
2017-08-10,3,22.4
2017-08-10,4,18.2
2017-08-10,5,13.6
2017-08-10,6,11.7
2017-08-10,7,10.7
2017-08-10,8,9.9
2017-08-10,9,9.5
2017-08-10,10,9.2
2017-08-10,11,9.2
2017-08-17,0.1,30.3
2017-08-17,1,27.7
2017-08-17,2,25.5
2017-08-17,3,23.6
2017-08-17,4,20.1
2017-08-17,5,14.1
2017-08-17,6,12
2017-08-17,7,10.8
2017-08-17,8,10
2017-08-17,9,9.5
2017-08-17,10,9.3
2017-08-17,11,9.3
2017-08-24,0.1,26
2017-08-24,1,26.1
2017-08-24,2,26.1
2017-08-24,3,23.5
2017-08-24,4,19
2017-08-24,5,14.5
2017-08-24,6,12.3
2017-08-24,7,10.8
2017-08-24,8,10.1
2017-08-24,9,9.7
2017-08-24,10,9.7
2017-08-24,11,9.7
2017-09-05,0.1,24.3
2017-09-05,1,21.9
2017-09-05,2,20.2
2017-09-05,3,20
2017-09-05,4,19.6
2017-09-05,5,16.7
2017-09-05,6,13.2
2017-09-05,7,11.5
2017-09-05,8,10.4
2017-09-05,9,10
2017-09-05,10,10
2017-09-05,11,10
2017-09-19,0.1,24.6
2017-09-19,1,24
2017-09-19,2,19.1
2017-09-19,3,18.3
2017-09-19,4,17.8
2017-09-19,5,15.7
2017-09-19,6,14.1
2017-09-19,7,12.1
2017-09-19,8,10.6
2017-09-19,9,10
2017-09-19,10,9.7
2017-09-19,11,9.7
2017-10-03,0.1,20.6
2017-10-03,1,19.6
2017-10-03,2,19.2
2017-10-03,3,18.7
2017-10-03,4,17.7
2017-10-03,5,16.2
2017-10-03,6,13.6
2017-10-03,7,11.5
2017-10-03,8,10.5
2017-10-03,9,10.2
2017-10-03,10,10.2
2017-10-03,11,10.2
2017-10-17,0.1,17.65
2017-10-17,1,18.75
2017-10-17,2,18.5
2017-10-17,3,18.15
2017-10-17,4,18.35
2017-10-17,5,16.8
2017-10-17,6,15.2
2017-10-17,7,12.95
2017-10-17,8,10.7
2017-10-17,9,9.65
2017-10-17,10,8.2
2017-10-17,11,7.8
2017-11-07,0.1,12.9
2017-11-07,1,12.5
2017-11-07,2,12.5
2017-11-07,3,12.4
2017-11-07,4,12.3
2017-11-07,5,12.2
2017-11-07,6,12.1
2017-11-07,7,12
2017-11-07,8,11.9
2017-11-07,9,11.8
2017-11-07,10,11.8
2017-11-07,11,11.8
2018-05-04,0.1,20.1608
2018-05-04,1,19.6319
2018-05-04,2,14.1327
2018-05-04,3,12.9077
2018-05-04,4,11.6929
2018-05-04,5,11.1392
2018-05-04,6,10.319
2018-05-04,7,8.5417
2018-05-04,8,7.4292
2018-05-04,9,7.0405
2018-05-04,10,6.9643
2018-05-04,11,6.966
2018-05-11,0.1,21.2754
2018-05-11,1,21.2463
2018-05-11,2,16.7359
2018-05-11,3,14.3863
2018-05-11,4,12.5744
2018-05-11,5,10.7037
2018-05-11,6,8.8253
2018-05-11,7,7.952
2018-05-11,8,7.3497
2018-05-11,9,7.2571
2018-05-11,10,7.162
2018-05-11,11,7.0658
2018-05-17,0.1,22.7869
2018-05-17,1,22.1355
2018-05-17,2,17.6446
2018-05-17,3,14.379
2018-05-17,4,12.0835
2018-05-17,5,10.3414
2018-05-17,6,9.0406
2018-05-17,7,8.2809
2018-05-17,8,7.5158
2018-05-17,9,7.2911
2018-05-17,10,7.1824
2018-05-17,11,7.1243
2018-05-24,0.1,24.1644
2018-05-24,1,23.3843
2018-05-24,2,19.2069
2018-05-24,3,17.0613
2018-05-24,4,13.6913
2018-05-24,5,11.6846
2018-05-24,6,9.8702
2018-05-24,7,8.6828
2018-05-24,8,8.0259
2018-05-24,9,7.6289
2018-05-24,10,7.4253
2018-05-24,11,7.2665
2018-05-31,0.1,24.2
2018-05-31,1,23.6
2018-05-31,2,22.6
2018-05-31,3,18.8
2018-05-31,4,15.6
2018-05-31,5,13.3
2018-05-31,6,11.3
2018-05-31,7,10
2018-05-31,8,8.9
2018-05-31,9,8.1
2018-05-31,10,8.1
2018-05-31,11,8.1
2018-06-07,0.1,24.1634
2018-06-07,1,23.9017
2018-06-07,2,22.2404
2018-06-07,3,17.8307
2018-06-07,4,13.9105
2018-06-07,5,11.7835
2018-06-07,6,9.9388
2018-06-07,7,8.9331
2018-06-07,8,8.0955
2018-06-07,9,7.6518
2018-06-07,10,7.406
2018-06-07,11,7.3243
2018-06-14,0.1,24.0231
2018-06-14,1,23.8054
2018-06-14,2,23.2138
2018-06-14,3,17.7653
2018-06-14,4,14.6879
2018-06-14,5,11.9363
2018-06-14,6,9.9903
2018-06-14,7,9.0001
2018-06-14,8,8.1132
2018-06-14,9,7.6632
2018-06-14,10,7.5088
2018-06-14,11,7.3746
2018-06-21,0.1,27.3768
2018-06-21,1,27.3757
2018-06-21,2,22.9197
2018-06-21,3,18.4661
2018-06-21,4,14.1478
2018-06-21,5,11.2025
2018-06-21,6,9.649
2018-06-21,7,8.7448
2018-06-21,8,8.2353
2018-06-21,9,7.7686
2018-06-21,10,7.6096
2018-06-21,11,7.4817
2018-06-28,0.1,24.0146
2018-06-28,1,23.8832
2018-06-28,2,23.8521
2018-06-28,3,18.0766
2018-06-28,4,13.2146
2018-06-28,5,10.6001
2018-06-28,6,9.2363
2018-06-28,7,8.4106
2018-06-28,8,7.8902
2018-06-28,9,7.7103
2018-06-28,10,7.5609
2018-06-28,11,7.4983
2018-07-05,0.1,28.8929
2018-07-05,1,26.5662
2018-07-05,2,24.0164
2018-07-05,3,20.7971
2018-07-05,4,14.4274
2018-07-05,5,12.1306
2018-07-05,6,10.2152
2018-07-05,7,9.0532
2018-07-05,8,8.1491
2018-07-05,9,7.7378
2018-07-05,10,7.5689
2018-07-05,11,7.4898
2018-07-12,0.1,27.781
2018-07-12,1,27.02385
2018-07-12,2,24.4136
2018-07-12,3,21.0613
2018-07-12,4,13.8385
2018-07-12,5,10.7304
2018-07-12,6,9.5759
2018-07-12,7,8.735
2018-07-12,8,8.079
2018-07-12,9,7.7935
2018-07-12,10,7.6361
2018-07-12,11,7.5599
2018-07-19,0.1,27.7291
2018-07-19,1,26.9363
2018-07-19,2,24.9949
2018-07-19,3,20.3683
2018-07-19,4,14.6913
2018-07-19,5,11.1476
2018-07-19,6,9.5107
2018-07-19,7,8.7066
2018-07-19,8,8.2152
2018-07-19,9,7.8609
2018-07-19,10,7.7475
2018-07-19,11,7.7485
2018-07-26,0.1,25
2018-07-26,1,24.9
2018-07-26,2,24.9
2018-07-26,3,24.7
2018-07-26,4,18.3
2018-07-26,5,13.8
2018-07-26,6,10.8
2018-07-26,7,9.4
2018-07-26,8,8.5
2018-07-26,9,8.2
2018-07-26,10,8.2
2018-07-26,11,8.1
2018-08-02,0.1,24.9483
2018-08-02,1,24.9491
2018-08-02,2,24.6286
2018-08-02,3,21.1985
2018-08-02,4,14.5705
2018-08-02,5,11.3584
2018-08-02,6,9.8869
2018-08-02,7,8.7957
2018-08-02,8,8.2666
2018-08-02,9,7.96
2018-08-02,10,7.772
2018-08-02,11,7.7118
2018-08-09,0.1,26.7156
2018-08-09,1,26.6418
2018-08-09,2,26.5693
2018-08-09,3,25.5277
2018-08-09,4,15.9958
2018-08-09,5,11.5296
2018-08-09,6,9.7874
2018-08-09,7,8.7177
2018-08-09,8,8.2891
2018-08-09,9,8.0436
2018-08-09,10,8.0615
2018-08-09,11,8.0426
2018-08-16,0.1,26.3975
2018-08-16,1,26.2119
2018-08-16,2,26.0628
2018-08-16,3,22.2802
2018-08-16,4,15.576
2018-08-16,5,11.758
2018-08-16,6,10.0318
2018-08-16,7,8.9481
2018-08-16,8,8.3786
2018-08-16,9,8.1188
2018-08-16,10,7.9339
2018-08-16,11,7.8322
2018-08-24,0.1,24.459
2018-08-24,1,24.0558
2018-08-24,2,23.7476
2018-08-24,3,22.9255
2018-08-24,4,16.7022
2018-08-24,5,11.7924
2018-08-24,6,9.9281
2018-08-24,7,9.0685
2018-08-24,8,8.3744
2018-08-24,9,8.1703
2018-08-24,10,7.9196
2018-08-24,11,7.9189
2018-09-07,0.1,28.8
2018-09-07,1,27.8
2018-09-07,2,27.2
2018-09-07,3,25.6
2018-09-07,4,20.9
2018-09-07,5,13.9
2018-09-07,6,11.2
2018-09-07,7,9.8
2018-09-07,8,8.9
2018-09-07,9,8.2
2018-09-07,10,8.1
2018-09-07,11,8
2018-09-21,0.1,23.7267
2018-09-21,1,23.42185
2018-09-21,2,22.8312
2018-09-21,3,22.0699
2018-09-21,4,19.6708
2018-09-21,5,14.0119
2018-09-21,6,10.6472
2018-09-21,7,9.2243
2018-09-21,8,8.4536
2018-09-21,9,8.2817
2018-09-21,10,8.1627
2018-09-21,11,8.1312
2018-10-05,0.1,23.2075
2018-10-05,1,22.3365
2018-10-05,2,21.7038
2018-10-05,3,21.1651
2018-10-05,4,19.874
2018-10-05,5,15.9417
2018-10-05,6,11.9443
2018-10-05,7,9.9465
2018-10-05,8,8.9968
2018-10-05,9,8.6717
2018-10-05,10,8.324
2018-10-05,11,8.2599
2018-10-19,0.1,16.1376
2018-10-19,1,15.9487
2018-10-19,2,15.9041
2018-10-19,3,15.8748
2018-10-19,4,15.846
2018-10-19,5,15.765
2018-10-19,6,15.5502
2018-10-19,7,11.4588
2018-10-19,8,9.7038
2018-10-19,9,9.0327
2018-10-19,10,8.6042
2018-10-19,11,8.6042
2018-10-29,0.1,8.3
2018-10-29,1,8.2
2018-10-29,2,8.2
2018-10-29,3,8.2
2018-10-29,4,8.2
2018-10-29,5,8.2
2018-10-29,6,8.2
2018-10-29,7,8.2
2018-10-29,8,8.2
2018-10-29,9,8.1
2018-10-29,10,8.1
2018-10-29,11,8.1
2018-11-02,0.1,12.7664
2018-11-02,1,12.51585
2018-11-02,2,12.3985
2018-11-02,3,11.6921
2018-11-02,4,11.5219
2018-11-02,5,11.4186
2018-11-02,6,11.3256
2018-11-02,7,11.1668
2018-11-02,8,11.0697
2018-11-02,9,10.92
2018-11-02,10,10.3567
2018-11-02,11,9.0659
2018-11-16,0.1,8.2848
2018-11-16,1,8.2697
2018-11-16,2,8.2591
2018-11-16,3,8.2497
2018-11-16,4,8.1688
2018-11-16,5,8.1458
2018-11-16,6,8.1436
2018-11-16,7,8.1454
2018-11-16,8,8.1503
2018-11-16,9,8.1308
2018-11-16,10,8.1111
2018-11-16,11,8.1482
2018-12-06,0.1,4.5625
2018-12-06,1,4.5167
2018-12-06,2,4.4991
2018-12-06,3,4.4756
2018-12-06,4,4.4497
2018-12-06,5,4.4576
2018-12-06,6,4.4586
2018-12-06,7,4.4537
2018-12-06,8,4.4441
2018-12-06,9,4.4487
2018-12-06,10,4.4223
2018-12-06,11,4.4207
2019-04-08,0.1,14.4
2019-04-08,1,13.8
2019-04-08,2,13
2019-04-08,3,12.2
2019-04-08,4,10.4
2019-04-08,5,9.9
2019-04-08,6,9.3
2019-04-08,7,8.8
2019-04-08,8,8.1
2019-04-08,9,7.9
2019-04-08,10,7.7
2019-04-08,11,7.7
2019-04-29,0.1,16.5
2019-04-29,1,16.1
2019-04-29,2,15.8
2019-04-29,3,15.4
2019-04-29,4,14.3
2019-04-29,5,13.5
2019-04-29,6,11.6
2019-04-29,7,10.2
2019-04-29,8,9.3
2019-04-29,9,8.5
2019-04-29,10,8.3
2019-04-29,11,8.2
2019-05-16,0.1,19.6
2019-05-16,1,19.4
2019-05-16,2,19.2
2019-05-16,3,18.8
2019-05-16,4,18.7
2019-05-16,5,12.6
2019-05-16,6,11
2019-05-16,7,10.4
2019-05-16,8,9.7
2019-05-16,9,8.6
2019-05-16,10,8.2
2019-05-16,11,8
2019-05-23,0.1,23.3
2019-05-23,1,22.9
2019-05-23,2,22.7
2019-05-23,3,21.6
2019-05-23,4,18
2019-05-23,5,15.7
2019-05-23,6,12.2
2019-05-23,7,10.2
2019-05-23,8,9.2
2019-05-23,9,8.6
2019-05-23,10,8.3
2019-05-23,11,8.2
2019-05-30,0.1,26.5
2019-05-30,1,26.3
2019-05-30,2,26
2019-05-30,3,23.7
2019-05-30,4,20.7
2019-05-30,5,15.4
2019-05-30,6,12.5
2019-05-30,7,10.5
2019-05-30,8,9.2
2019-05-30,9,8.7
2019-05-30,10,8.4
2019-05-30,11,8.2
2019-06-06,0.1,23.7
2019-06-06,1,23.5
2019-06-06,2,23.5
2019-06-06,3,23.5
2019-06-06,4,23.5
2019-06-06,5,16.5
2019-06-06,6,12.3
2019-06-06,7,10.6
2019-06-06,8,9.4
2019-06-06,9,9
2019-06-06,10,9
2019-06-06,11,8.9
2019-06-13,0.1,22.0338
2019-06-13,1,21.8025
2019-06-13,2,21.7258
2019-06-13,3,21.6697
2019-06-13,4,19.1898
2019-06-13,5,14.0136
2019-06-13,6,11.0518
2019-06-13,7,9.8247
2019-06-13,8,9.0093
2019-06-13,9,8.6427
2019-06-13,10,8.3423
2019-06-13,11,8.2068
2019-06-20,0.1,24.5528
2019-06-20,1,24.5424
2019-06-20,2,24.5389
2019-06-20,3,21.3957
2019-06-20,4,19.6865
2019-06-20,5,13.8699
2019-06-20,6,11.8558
2019-06-20,7,10.4964
2019-06-20,8,9.3545
2019-06-20,9,8.7157
2019-06-20,10,8.4439
2019-06-20,11,8.4439
2019-06-27,0.1,25.754
2019-06-27,1,25.206
2019-06-27,2,24.5361
2019-06-27,3,23.6103
2019-06-27,4,20.2927
2019-06-27,5,16.2889
2019-06-27,6,12.4535
2019-06-27,7,10.595
2019-06-27,8,9.1857
2019-06-27,9,8.7199
2019-06-27,10,8.5338
2019-06-27,11,8.4502
2019-07-03,0.1,26.4945
2019-07-03,1,26.4769
2019-07-03,2,26.3908
2019-07-03,3,26.3421
2019-07-03,4,20.8327
2019-07-03,5,15.4214
2019-07-03,6,12.6982
2019-07-03,7,10.7655
2019-07-03,8,9.3728
2019-07-03,9,8.8494
2019-07-03,10,8.5416
2019-07-03,11,8.4797
2019-07-10,0.1,28.1836
2019-07-10,1,27.571
2019-07-10,2,27.3902
2019-07-10,3,25.7954
2019-07-10,4,21.1236
2019-07-10,5,16.0932
2019-07-10,6,12.5341
2019-07-10,7,10.4709
2019-07-10,8,9.3041
2019-07-10,9,8.7907
2019-07-10,10,8.5525
2019-07-10,11,8.4297
2019-07-11,0.1,25.7117
2019-07-11,1,27.3463
2019-07-11,2,27.4726
2019-07-11,3,25.9175
2019-07-11,4,21.2108
2019-07-11,5,16.8678
2019-07-11,6,12.7866
2019-07-11,7,10.5685
2019-07-11,8,9.2661
2019-07-11,9,8.74105
2019-07-11,10,8.4707
2019-07-11,11,8.4528
2019-07-18,0.1,27.6706
2019-07-18,1,27.591
2019-07-18,2,25.0011
2019-07-18,3,18.1694
2019-07-18,4,14.0794
2019-07-18,5,11.2025
2019-07-18,6,11.1798
2019-07-18,7,11.1791
2019-07-18,8,11.1855
2019-07-18,9,11.148
2019-07-18,10,11.1828
2019-07-18,11,11.1828
2019-07-24,0.1,26.0561
2019-07-24,1,25.8679
2019-07-24,2,25.8065
2019-07-24,3,25.7339
2019-07-24,4,21.4965
2019-07-24,5,16.9726
2019-07-24,6,13.6798
2019-07-24,7,10.9503
2019-07-24,8,9.4404
2019-07-24,9,8.9183
2019-07-24,10,8.6066
2019-07-24,11,8.60355
2019-08-01,0.1,27.0254
2019-08-01,1,26.7379
2019-08-01,2,26.5792
2019-08-01,3,25.6507
2019-08-01,4,22.8162
2019-08-01,5,18.0686
2019-08-01,6,13.4571
2019-08-01,7,11.3305
2019-08-01,8,9.6165
2019-08-01,9,8.97
2019-08-01,10,8.769
2019-08-01,11,8.714
2019-08-08,0.1,26.9442
2019-08-08,1,26.8879
2019-08-08,2,26.7993
2019-08-08,3,26.6975
2019-08-08,4,22.7142
2019-08-08,5,18.4449
2019-08-08,6,13.5378
2019-08-08,7,11.206
2019-08-08,8,9.6973
2019-08-08,9,9.1156
2019-08-08,10,8.7824
2019-08-08,11,8.924788
2019-08-14,0.1,27.4883
2019-08-14,1,27.3864
2019-08-14,2,27.2494
2019-08-14,3,26.9558
2019-08-14,4,22.0459
2019-08-14,5,17.7435
2019-08-14,6,14.0387
2019-08-14,7,11.6069
2019-08-14,8,10.0269
2019-08-14,9,9.2186
2019-08-14,10,8.8182
2019-08-14,11,8.8042
2019-08-22,0.1,30.1973
2019-08-22,1,29.5234
2019-08-22,2,28.6986
2019-08-22,3,28.6148
2019-08-22,4,27.4215
2019-08-22,5,18.5487
2019-08-22,6,15.3216
2019-08-22,7,12.1771
2019-08-22,8,10.3736
2019-08-22,9,9.3787
2019-08-22,10,8.975
2019-08-22,11,8.8714
2019-09-04,0.1,27
2019-09-04,1,26.2
2019-09-04,2,25.6
2019-09-04,3,24.5
2019-09-04,4,23.6
2019-09-04,5,22.1
2019-09-04,6,17.7
2019-09-04,7,14.5
2019-09-04,8,11.2
2019-09-04,9,9.9
2019-09-04,10,9.4
2019-09-04,11,9
2019-09-20,0.1,23.7523
2019-09-20,1,23.3826
2019-09-20,2,23.0575
2019-09-20,3,22.843
2019-09-20,4,22.4368
2019-09-20,5,18.8374
2019-09-20,6,14.4786
2019-09-20,7,11.3465
2019-09-20,8,10.0938
2019-09-20,9,9.4688
2019-09-20,10,9.1319
2019-09-20,11,9.12375
2019-10-04,0.1,25.4039
2019-10-04,1,25.1493
2019-10-04,2,24.774
2019-10-04,3,22.5303
2019-10-04,4,21.2242
2019-10-04,5,16.6822
2019-10-04,6,14.278
2019-10-04,7,11.3261
2019-10-04,8,10.0712
2019-10-04,9,9.4669
2019-10-04,10,9.2809
2019-10-04,11,9.388525
2019-10-07,0.1,21.5671
2019-10-07,1,21.3515
2019-10-07,2,21.3259
2019-10-07,3,21.2095
2019-10-07,4,20.9557
2019-10-07,5,16.8248
2019-10-07,6,13.9193
2019-10-07,7,11.0672
2019-10-07,8,10.0061
2019-10-07,9,9.5091
2019-10-07,10,9.2377
2019-10-07,11,9.2377
2019-10-18,0.1,15.549
2019-10-18,1,15.4716
2019-10-18,2,15.4268
2019-10-18,3,15.4186
2019-10-18,4,15.3841
2019-10-18,5,15.376
2019-10-18,6,15.3327
2019-10-18,7,14.2056
2019-10-18,8,9.8909
2019-10-18,9,9.538
2019-10-18,10,9.3056
2019-10-18,11,9.3056
2019-10-28,0.1,14.8336
2019-10-28,1,14.7953
2019-10-28,2,14.6984
2019-10-28,3,14.5723
2019-10-28,4,14.5014
2019-10-28,5,14.2945
2019-10-28,6,14.1368
2019-10-28,7,13.8396
2019-10-28,8,11.6501
2019-10-28,9,9.6618
2019-10-28,10,9.3228
2019-10-28,11,9.3228
2019-11-15,0.1,8.1456
2019-11-15,1,8.1309
2019-11-15,2,8.1249
2019-11-15,3,8.1219
2019-11-15,4,8.1032
2019-11-15,5,8.0794
2019-11-15,6,8.075
2019-11-15,7,8.0743
2019-11-15,8,8.072
2019-11-15,9,8.0578
2019-11-15,10,8.06375
2019-11-15,11,8.06375
2019-12-06,0.1,5.0639
2019-12-06,1,5.0431
2019-12-06,2,5.0569
2019-12-06,3,5.0465
2019-12-06,4,5.0178
2019-12-06,5,5.0222
2019-12-06,6,5.0074
2019-12-06,7,5.004
2019-12-06,8,4.9793
2019-12-06,9,4.9815
2019-12-06,10,4.9797
2019-12-06,11,4.9797
