DateTime,Depth,temp,OXY_oxy
5/14/2014,0.1,21.5335,295.0096875
5/14/2014,1,20.7267,302.7671875
5/14/2014,2,19.9773,303.839375
5/14/2014,3,17.7273,304.814375
5/14/2014,4,14.2853,287.63625
5/14/2014,5,11.7211,257.7609375
5/14/2014,6,9.6967,237.3590625
5/14/2014,7,8.5209,225.173125
5/14/2014,8,7.8544,200.198125
5/14/2014,9,7.3332,157.239375
5/14/2014,10,6.9084,91.004375
5/14/2014,11,6.8539,80.806875
5/29/2014,0.1,22.8648,278.7971875
5/29/2014,1,22.5354,285.4271875
5/29/2014,2,21.903,283.7784375
5/29/2014,3,20.561,280.0353125
5/29/2014,4,17.0268,283.264375
5/29/2014,5,11.1783,230.24875
5/29/2014,6,8.9796,204.6125
5/29/2014,7,7.922,146.8553125
5/29/2014,8,7.4196,102.9746875
5/29/2014,9,7.1392,9.0140625
5/29/2014,10,6.9399,7.0025
5/29/2014,11,6.8624,5.1184375
6/4/2014,0.1,23.5578,240.78625
6/4/2014,1,23.5571,241.5115625
6/4/2014,2,23.468,240.08
6/4/2014,3,21.5993,251.159375
6/4/2014,4,14.7595,246.2415625
6/4/2014,5,11.5501,218.21375
6/4/2014,6,9.8365,205.7309375
6/4/2014,7,8.4134,160.218125
6/4/2014,8,7.7758,99.50875
6/4/2014,9,7.2414,9.4846875
6/4/2014,10,6.9411,7.5525
6/4/2014,11,6.8007,5.7490625
6/18/2014,0.1,26.5018,231.0784375
6/18/2014,1,26.4896,231.063125
6/18/2014,2,26.4456,230.7625
6/18/2014,3,24.515,205.59375
6/18/2014,4,18.4536,203.45875
6/18/2014,5,13.0697,197.07375
6/18/2014,6,10.2099,178.4534375
6/18/2014,7,8.8451,105.7215625
6/18/2014,8,8.17,61.4146875
6/18/2014,9,7.6458,8.63
6/18/2014,10,7.2657,6.226875
6/18/2014,11,7.006,4.890625
6/25/2014,0.1,26.6621,237.3009375
6/25/2014,1,26.3005,236.144375
6/25/2014,2,26.1697,231.8975
6/25/2014,3,24.1546,193.4903125
6/25/2014,4,17.7377,190.79
6/25/2014,5,11.8613,166.5609375
6/25/2014,6,10.0187,150.86375
6/25/2014,7,8.7844,64.939375
6/25/2014,8,7.9784,9.435
6/25/2014,9,7.3861,6.206875
6/25/2014,10,7.0672,4.9046875
6/25/2014,11,6.9333,4.2125
7/2/2014,0.1,27.5475,242.6928125
7/2/2014,1,27.3661,241.8271875
7/2/2014,2,25.9502,237.8571875
7/2/2014,3,24.1301,199.2321875
7/2/2014,4,16.468,180.25375
7/2/2014,5,12.6727,167.083125
7/2/2014,6,9.7969,83.3746875
7/2/2014,7,8.6865,18.435
7/2/2014,8,7.9882,7.1715625
7/2/2014,9,7.4064,5.28375
7/2/2014,10,7.1015,4.4046875
7/2/2014,11,6.9079,4.1446875
7/9/2014,0.1,26.6066,238.2203125
7/9/2014,1,26.134,238.155
7/9/2014,2,25.848,229.18875
7/9/2014,3,23.3371,152.9334375
7/9/2014,4,17.7333,137.4659375
7/9/2014,5,12.3931,118.0284375
7/9/2014,6,9.8701,43.795
7/9/2014,7,8.6468,10.9778125
7/9/2014,8,7.874,6.515625
7/9/2014,9,7.4109,5.4353125
7/9/2014,10,7.1667,4.4975
7/9/2014,11,6.9663,4.109375
7/16/2014,0.1,25.7582,225.66625
7/16/2014,1,25.7695,226.140625
7/16/2014,2,25.7709,227.1671875
7/16/2014,3,25.5845,185.701875
7/16/2014,4,17.7392,89.086875
7/16/2014,5,11.9687,62.66625
7/16/2014,6,9.9571,28.6446875
7/16/2014,7,8.7778,8.3371875
7/16/2014,8,7.8179,6.3621875
7/16/2014,9,7.3856,5.393125
7/16/2014,10,7.1795,4.670625
7/16/2014,11,7.0282,4.4734375
7/23/2014,0.1,25.9965,245.305625
7/23/2014,1,25.7009,244.623125
7/23/2014,2,25.1677,241.161875
7/23/2014,3,21.6272,76.1365625
7/23/2014,4,16.3045,52.368125
7/23/2014,5,11.8443,39.4609375
7/23/2014,6,10.1908,21.4084375
7/23/2014,7,8.9308,5.9925
7/23/2014,8,7.9364,5.0165625
7/23/2014,9,7.4126,4.5865625
7/23/2014,10,7.1883,3.5196875
7/23/2014,11,6.9635,3.369375
7/30/2014,0.1,24.2081,224.0775
7/30/2014,1,23.9812,225.171875
7/30/2014,2,23.7127,213.513125
7/30/2014,3,22.5422,54.0465625
7/30/2014,4,16.6367,25.7015625
7/30/2014,5,12.3808,16.5671875
7/30/2014,6,9.6359,6.5878125
7/30/2014,7,8.3882,4.7934375
7/30/2014,8,7.6486,4.58625
7/30/2014,9,7.3734,4.049375
7/30/2014,10,7.2097,3.9559375
7/30/2014,11,7.0273,3.3959375
8/13/2014,0.1,21.6129,223.4315625
8/13/2014,1,21.6082,223.6509375
8/13/2014,2,21.6027,223.6653125
8/13/2014,3,21.599,223.2284375
8/13/2014,4,19.2448,35.175
8/13/2014,5,13.6034,11.798125
8/13/2014,6,10.5498,7.435625
8/13/2014,7,8.7916,5.99875
8/13/2014,8,8.058,5.401875
8/13/2014,9,7.4351,4.2409375
8/13/2014,10,7.2445,3.7909375
8/13/2014,11,7.1247,3.7596875
9/4/2014,0.1,25.8837,233.8775
9/4/2014,1,25.8815,233.380625
9/4/2014,2,24.8129,230.423125
9/4/2014,3,21.7209,74.8175
9/4/2014,4,17.647,20.7896875
9/4/2014,5,13.4034,32.3859375
9/4/2014,6,9.9134,5.9921875
9/4/2014,7,8.5393,4.6709375
9/4/2014,8,7.9216,4.343125
9/4/2014,9,7.5829,3.79875
9/4/2014,10,7.4015,3.550625
9/4/2014,11,7.2605,4.2434375
9/25/2014,0.1,19.3937,233.3725
9/25/2014,1,19.3886,233.5940625
9/25/2014,2,19.3687,233.351875
9/25/2014,3,19.3584,233.5140625
9/25/2014,4,19.3344,233.468125
9/25/2014,5,14.0564,12.8115625
9/25/2014,6,10.6705,7.6525
9/25/2014,7,8.8658,5.63625
9/25/2014,8,7.9429,4.799375
9/25/2014,9,7.6134,4.4003125
9/25/2014,10,7.4735,4.2034375
9/25/2014,11,7.3041,3.68375
10/23/2014,0.1,13.4511,259.86625
10/23/2014,1,13.4848,259.3971875
10/23/2014,2,13.4944,259.118125
10/23/2014,3,13.4956,258.9725
10/23/2014,4,13.4638,260.3096875
10/23/2014,5,13.4372,259.4428125
10/23/2014,6,13.4154,259.033125
10/23/2014,7,13.408,257.3903125
10/23/2014,8,11.8946,102.66625
10/23/2014,9,7.9047,13.6703125
10/23/2014,10,7.6451,9.3928125
10/23/2014,11,7.5454,7.9625
5/14/2015,0.1,21.05103,265.7834063
5/14/2015,1,20.8417,263.26
5/14/2015,2,18.5255,322.2103125
5/14/2015,3,15.1426,324.61875
5/14/2015,4,13.338,268.9903125
5/14/2015,5,11.408,165.226875
5/14/2015,6,9.8812,111.2534375
5/14/2015,7,8.7448,82.8840625
5/14/2015,8,7.9426,5.131875
5/14/2015,9,7.6994,3.009375
5/14/2015,10,7.5786,2.518125
5/14/2015,11,7.4605,2.635625
5/21/2015,0.1,20.1053,199.1875
5/21/2015,1,21.2811,255.6178125
5/21/2015,2,21.213,274.6953125
5/21/2015,3,17.2174,305.115625
5/21/2015,4,14.0815,251.288125
5/21/2015,5,11.8238,161.2296875
5/21/2015,6,10.053,101.243125
5/21/2015,7,8.4809,24.4196875
5/21/2015,8,7.8659,6.05
5/21/2015,9,7.6769,4.380625
5/21/2015,10,7.5897,3.51625
5/21/2015,11,7.5364,3.1078125
5/28/2015,0.1,23.869,264.8365625
5/28/2015,1,23.6969,265.745
5/28/2015,2,23.5388,259.7290625
5/28/2015,3,17.9548,268.311875
5/28/2015,4,14.7831,226.13
5/28/2015,5,12.6072,157.7628125
5/28/2015,6,10.5096,92.709375
5/28/2015,7,9.2911,35.689375
5/28/2015,8,8.4329,15.32125
5/28/2015,9,8.0365,3.7609375
5/28/2015,10,7.717,2.77625
5/28/2015,11,7.555525,2.405625
6/4/2015,0.1,22.2,232.5
6/4/2015,1,22.3,241.875
6/4/2015,2,22.3,230.9375
6/4/2015,3,22.3,220.3125
6/4/2015,4,20.4,258.4375
6/4/2015,5,16,234.375
6/4/2015,6,13.4,192.5
6/4/2015,7,11.7,138.4375
6/4/2015,8,10,83.125
6/4/2015,9,9,49.375
6/4/2015,10,8.1,44.375
6/4/2015,11,7.8,40.9375
6/11/2015,0.1,24.7237,232.4103125
6/11/2015,1,24.5333,232.0221875
6/11/2015,2,24.078,221.8128125
6/11/2015,3,20.0549,206.505
6/11/2015,4,16.7965,175.071875
6/11/2015,5,13.1516,116.8009375
6/11/2015,6,11.0079,51.20125
6/11/2015,7,9.8969,19.5853125
6/11/2015,8,8.7142,3.9875
6/11/2015,9,8.058,3.021875
6/11/2015,10,7.7593,2.408125
6/11/2015,11,7.5782,2.039375
6/18/2015,0.1,28.3076,233.7558125
6/18/2015,1,27.6644,229.845
6/18/2015,2,25.9723,243.4103125
6/18/2015,3,22.0399,202.3228125
6/18/2015,4,17.6925,151.7846875
6/18/2015,5,12.7957,76.41421875
6/18/2015,6,10.5208,31.464375
6/18/2015,7,9.4769,30.43625
6/18/2015,8,8.4924,3.098125
6/18/2015,9,8.0173,1.703125
6/18/2015,10,7.7167,2.0459375
6/18/2015,11,7.6596,1.475
6/19/2015,0.1,27.1113,228.7303125
6/19/2015,1,26.8839,226.78875
6/19/2015,2,27.2547,233.1990625
6/19/2015,3,21.98115,198.9596875
6/19/2015,4,16.291,135.7159375
6/19/2015,5,12.8929,77.53234375
6/19/2015,6,11.39775,50.9484375
6/19/2015,7,9.5636,13.99875
6/19/2015,8,8.7989,3.271875
6/19/2015,9,7.9996,2.561875
6/19/2015,10,7.842875,2.29828125
6/19/2015,11,7.6917,1.7884375
6/25/2015,0.1,27.9371,230.1903125
6/25/2015,1,27.7069,228.770625
6/25/2015,2,26.7426,241.4878125
6/25/2015,3,23.0681,206.475
6/25/2015,4,18.3901,132.9878125
6/25/2015,5,13.8406,84.958125
6/25/2015,6,11.1052,37.3553125
6/25/2015,7,9.361,10.334375
6/25/2015,8,8.3385,3.3396875
6/25/2015,9,8.0453,2.6259375
6/25/2015,10,7.7799,2.2515625
6/25/2015,11,7.7133,2.1646875
7/2/2015,0.1,25.3714,235.8284375
7/2/2015,1,25.3416,237.138125
7/2/2015,2,25.2773,232.5665625
7/2/2015,3,23.8593,166.04
7/2/2015,4,18.0437,99.2240625
7/2/2015,5,14.2188,56.8671875
7/2/2015,6,11.0822,26.4178125
7/2/2015,7,9.3475,4.6771875
7/2/2015,8,8.4072,3.3575
7/2/2015,9,8.0915,2.758125
7/2/2015,10,7.9134,2.570625
7/2/2015,11,7.7049,2.053125
7/9/2015,0.1,25.0477,233.57875
7/9/2015,1,24.9502,236.1690625
7/9/2015,2,24.8462,237.516875
7/9/2015,3,24.5398,193.1915625
7/9/2015,4,19.9956,62.290625
7/9/2015,5,14.8897,41.911875
7/9/2015,6,11.2598,45.9690625
7/9/2015,7,10.00885,8.130625
7/9/2015,8,9.1164,2.2728125
7/9/2015,9,8.364,1.995
7/9/2015,10,7.945,1.9178125
7/9/2015,11,7.6209,2.2403125
7/16/2015,0.1,25.876,236.906875
7/16/2015,1,25.7619,238.14875
7/16/2015,2,25.4279,210.9215625
7/16/2015,3,24.3636,148.90125
7/16/2015,4,19.819,58.4715625
7/16/2015,5,14.8906,27.7459375
7/16/2015,6,11.7988,76.8490625
7/16/2015,7,9.8835,3.88625
7/16/2015,8,8.6187,2.3790625
7/16/2015,9,8.2662,2.174375
7/16/2015,10,8.1466,2.158125
7/16/2015,11,7.7896,1.9375
7/23/2015,0.1,27.0723,236.3121875
7/23/2015,1,27.0395,236.2840625
7/23/2015,2,26.8009,225.699375
7/23/2015,3,24.4115,115.7084375
7/23/2015,4,19.7716,28.376875
7/23/2015,5,14.7845,23.9546875
7/23/2015,6,11.3515,7.21
7/23/2015,7,10.0758,2.6446875
7/23/2015,8,8.8653,2.2278125
7/23/2015,9,8.2769,2.096875
7/23/2015,10,7.9783,1.9659375
7/23/2015,11,7.7248,2.2071875
7/30/2015,0.1,27.6016,182.0984375
7/30/2015,1,27.6768,223.6771875
7/30/2015,2,27.5753,232.7340625
7/30/2015,3,25.0513,74.1453125
7/30/2015,4,19.8394,8.754375
7/30/2015,5,14.7764,63.6896875
7/30/2015,6,11.8277,3.8996875
7/30/2015,7,10.2709,2.3371875
7/30/2015,8,9.1168,1.9975
7/30/2015,9,8.375,2.0128125
7/30/2015,10,8.0009,2.1025
7/30/2015,11,7.7458,1.945
8/13/2015,0.1,25.7,185
8/13/2015,1,25.6,198.125
8/13/2015,2,25.5,196.875
8/13/2015,3,25.4,196.5625
8/13/2015,4,25,165.3125
8/13/2015,5,22.6,30.3125
8/13/2015,6,18,22.5
8/13/2015,7,13.6,32.5
8/13/2015,8,11.4,20.9375
8/13/2015,9,9.5,21.25
8/13/2015,10,8.6,22.8125
8/13/2015,11,8.3,22.8125
9/4/2015,0.1,27.2332,191.355625
9/4/2015,1,26.594,212.3365625
9/4/2015,2,26.2279,198.8578125
9/4/2015,3,25.5928,190.02875
9/4/2015,4,23.7018,94.8809375
9/4/2015,5,21.0099,11.1190625
9/4/2015,6,15.6245,25.7190625
9/4/2015,7,12.0317,2.99875
9/4/2015,8,10.3029,2.0865625
9/4/2015,9,8.8782,1.6175
9/4/2015,10,8.4435,1.450625
9/4/2015,11,8.1316,1.489375
9/18/2015,0.1,23.1102,250.244375
9/18/2015,1,23.0259,249.5778125
9/18/2015,2,22.554,250.4875
9/18/2015,3,22.3653,248.036875
9/18/2015,4,21.8946,183.9196875
9/18/2015,5,20.9536,85.3303125
9/18/2015,6,15.5084,25.5465625
9/18/2015,7,11.9778,3.893125
9/18/2015,8,9.8356,3.00875
9/18/2015,9,8.9741,2.3984375
9/18/2015,10,8.5505,2.3040625
9/18/2015,11,8.1761,2.161875
10/2/2015,0.1,18.8554,243.8190625
10/2/2015,1,18.8855,243.475
10/2/2015,2,18.8891,243.053125
10/2/2015,3,18.8865,242.8103125
10/2/2015,4,18.8858,243.0234375
10/2/2015,5,18.7953,241.2059375
10/2/2015,6,17.9149,104.1259375
10/2/2015,7,13.8796,7.7121875
10/2/2015,8,10.9193,4.605625
10/2/2015,9,9.1318,3.4996875
10/2/2015,10,8.567,2.920625
10/2/2015,11,8.3724,2.8096875
10/23/2015,0.1,15.59805,285.7870313
10/23/2015,1,15.5354,285.05625
10/23/2015,2,15.1719,283.6765625
10/23/2015,3,14.9856,281.8325
10/23/2015,4,14.7177,279.45125
10/23/2015,5,14.2896,246.6259375
10/23/2015,6,14.0982,227.835
10/23/2015,7,13.9341,209.4271875
10/23/2015,8,13.0578,97.33625
10/23/2015,9,9.8006,4.5090625
10/23/2015,10,9.1771,2.9659375
10/23/2015,11,8.8719,2.5984375
4/5/2016,0.1,11.45,301.25
4/5/2016,1,11.5,300.9375
4/5/2016,2,11.4,301.5625
4/5/2016,3,11.4,300.3125
4/5/2016,4,11.3,298.4375
4/5/2016,5,10.9,295.46875
4/5/2016,6,9.3,281.25
4/5/2016,7,8.3,270.46875
4/5/2016,8,7.4,258.75
4/5/2016,9,6.6,247.65625
4/5/2016,10,6.2,234.53125
4/5/2016,11,6.1,230
4/6/2016,0.1,11.5,302.1875
4/6/2016,1,11.5,302.1875
4/6/2016,2,11.4,301.875
4/6/2016,3,11.4,300.625
4/6/2016,4,11.4,299.375
4/6/2016,5,11.2,296.5625
4/6/2016,6,9.8,284.0625
4/6/2016,7,8.8,274.0625
4/6/2016,8,7.8,260.9375
4/6/2016,9,7,251.5625
4/6/2016,10,6.3,235.625
4/6/2016,11,6.2,230
4/20/2016,0.1,15.9,306.875
4/20/2016,1,15.5,325
4/20/2016,2,14.5,323.75
4/20/2016,3,12.8,327.5
4/20/2016,4,11.6,328.4375
4/20/2016,5,11,322.8125
4/20/2016,6,10.3,317.5
4/20/2016,7,9.7,298.75
4/20/2016,8,9.1,266.25
4/20/2016,9,8.4,212.5
4/20/2016,10,7.7,167.8125
4/20/2016,11,7.3,148.125
5/4/2016,0.1,19.6,273.75
5/4/2016,1,19.6,277.8125
5/4/2016,2,19.5,275.9375
5/4/2016,3,18.2,300.3125
5/4/2016,4,15.7,326.5625
5/4/2016,5,12.2,334.0625
5/4/2016,6,10.8,321.5625
5/4/2016,7,10,295.9375
5/4/2016,8,9.5,254.0625
5/4/2016,9,8.3,105.3125
5/4/2016,10,7.8,59.375
5/4/2016,11,7.7,47.1875
5/12/2016,0.1,19.178,203.6128125
5/12/2016,1,19.154,231.470625
5/12/2016,2,18.7808,282.6253125
5/12/2016,3,17.397,292.7525
5/12/2016,4,15.469,304.9525
5/12/2016,5,12.7387,328.513125
5/12/2016,6,10.7533,311.8975
5/12/2016,7,9.6135,232.9621875
5/12/2016,8,8.4061,65.2325
5/12/2016,9,7.9334,5.8215625
5/12/2016,10,7.7528,3.3940625
5/12/2016,11,7.593,2.8821875
5/19/2016,0.1,16.6825,287.1221875
5/19/2016,1,16.6841,286.580625
5/19/2016,2,16.6671,287.329375
5/19/2016,3,16.6497,285.45
5/19/2016,4,16.6106,285.116875
5/19/2016,5,13.3145,311.3890625
5/19/2016,6,10.6811,272.33375
5/19/2016,7,9.8162,215.2459375
5/19/2016,8,8.7056,47.836875
5/19/2016,9,8.0743,5.7290625
5/19/2016,10,7.8275,2.9465625
5/19/2016,11,7.5604,2.8878125
5/26/2016,0.1,20.6863,282.733125
5/26/2016,1,20.6536,283.24625
5/26/2016,2,18.2988,289.065
5/26/2016,3,17.6756,285.1859375
5/26/2016,4,16.7103,267.79625
5/26/2016,5,13.9921,281.36125
5/26/2016,6,11.2745,261.6871875
5/26/2016,7,9.718,151.4590625
5/26/2016,8,8.3909,5.4146875
5/26/2016,9,8.068,2.9275
5/26/2016,10,7.9469,2.6375
5/26/2016,11,7.7577,2.34
5/29/2016,0.1,23.1177,272.659375
5/29/2016,1,22.9614,271.43125
5/29/2016,2,19.6232,300.935625
5/29/2016,3,18.1381,294.973125
5/29/2016,4,16.938,271.66875
5/29/2016,5,14.0535,284.2525
5/29/2016,6,11.0209,256.97625
5/29/2016,7,9.9082,171.8175
5/29/2016,8,9.0251,32.5678125
5/29/2016,9,8.2975,3.80875
5/29/2016,10,8.0537,3.0540625
5/29/2016,11,7.6969,2.53625
5/31/2016,0.1,24.3209,271.153125
5/31/2016,1,23.7661,271.22
5/31/2016,2,19.9931,306.506875
5/31/2016,3,18.3591,297.7825
5/31/2016,4,16.7732,264.6009375
5/31/2016,5,14.4628,268.7134375
5/31/2016,6,10.9875,227.2440625
5/31/2016,7,9.8164,142.5921875
5/31/2016,8,8.9489,30.7271875
5/31/2016,9,8.3773,3.2146875
5/31/2016,10,8.1199,2.7134375
5/31/2016,11,7.6875,2.2559375
6/2/2016,0.1,24.2618,266.5925
6/2/2016,1,23.1865,307.7515625
6/2/2016,2,20.5774,315.884375
6/2/2016,3,19.2529,306.49
6/2/2016,4,17.472,279.32875
6/2/2016,5,13.5322,283.81625
6/2/2016,6,11.0347,235.5875
6/2/2016,7,9.8543,133.3340625
6/2/2016,8,8.8933,34.5021875
6/2/2016,9,8.2957,2.50625
6/2/2016,10,8.0848,2.26375
6/2/2016,11,7.695,1.9621875
6/7/2016,0.1,25.2975,168.5571875
6/7/2016,1,24.8828,205.5590625
6/7/2016,2,24.8726,264.38375
6/7/2016,3,19.7382,298.6178125
6/7/2016,4,17.1413,254.3190625
6/7/2016,5,13.7407,261.794375
6/7/2016,6,10.9362,180.07875
6/7/2016,7,9.7738,77.4559375
6/7/2016,8,8.7516,5.8440625
6/7/2016,9,8.259,2.378125
6/7/2016,10,7.9892,2.6709375
6/7/2016,11,7.6759,2.0996875
6/8/2016,0.1,24.0375,232.6346875
6/8/2016,1,23.7342,179.1371875
6/8/2016,2,23.898,175.641875
6/8/2016,3,20.0214,312.6215625
6/8/2016,4,17.7311,280.2340625
6/8/2016,5,14.06705,255.3046875
6/8/2016,6,11.8652,224.494375
6/8/2016,7,9.8488,96.45375
6/8/2016,8,8.7013,3.9184375
6/8/2016,9,8.1589,3.0746875
6/8/2016,10,7.9815,2.1965625
6/8/2016,11,7.7325,2
6/16/2016,0.1,24.3533,250.52625
6/16/2016,1,24.3431,251.214375
6/16/2016,2,24.3052,252.834375
6/16/2016,3,24.304,254.0125
6/16/2016,4,19.3618,266.20875
6/16/2016,5,14.0592,221.108125
6/16/2016,6,11.5035,157.4859375
6/16/2016,7,10.1468,84.446875
6/16/2016,8,9.0598,11.9459375
6/16/2016,9,8.4814,3.2134375
6/16/2016,10,8.2243,2.7240625
6/16/2016,11,8.0462,2.4040625
6/23/2016,0.1,23.57155,199.7846875
6/23/2016,1,23.9927,195.2609375
6/23/2016,2,24.0898,244.060625
6/23/2016,3,24.0759,249.5303125
6/23/2016,4,23.993,248.3559375
6/23/2016,5,16.2979,207.7196875
6/23/2016,6,13.6299,161.9053125
6/23/2016,7,11.712,107.6359375
6/23/2016,8,9.8214,74.1753125
6/23/2016,9,8.7513,4.868125
6/23/2016,10,8.3915,3.175
6/23/2016,11,8.0602,2.620625
6/26/2016,0.1,25.0914,192.410625
6/26/2016,1,24.5738,210.859375
6/26/2016,2,24.1981,259.8440625
6/26/2016,3,23.4898,245.3659375
6/26/2016,4,21.3788,244.93625
6/26/2016,5,16.2884,190.1078125
6/26/2016,6,12.7116,134.936875
6/26/2016,7,11.2546,86.6465625
6/26/2016,8,9.8079,104.8984375
6/26/2016,9,8.8525,3.5003125
6/26/2016,10,8.4633,2.5665625
6/26/2016,11,8.0911,2.065625
6/28/2016,0.1,24.6053,269.1728125
6/28/2016,1,25.0295,202.026875
6/28/2016,2,25.0359,199.90875
6/28/2016,3,24.8191,203.9665625
6/28/2016,4,23.325,205.014375
6/28/2016,5,20.5051,197.55375
6/28/2016,6,16.7888,237.934375
6/28/2016,7,15.1172,258.63875
6/28/2016,8,9.9138,254.8075
6/28/2016,9,8.667,8.7309375
6/28/2016,10,8.4185,3.3471875
6/28/2016,11,8.0672,2.84125
6/30/2016,0.1,25.6058,267.0678125
6/30/2016,1,25.2953,277.1134375
6/30/2016,2,24.8785,285.299375
6/30/2016,3,24.1871,280.2559375
6/30/2016,4,21.3184,230.5371875
6/30/2016,5,15.6954,166.344375
6/30/2016,6,13.1127,123.7825
6/30/2016,7,11.1511,66.10625
6/30/2016,8,9.73,68.2871875
6/30/2016,9,8.7395,3.5375
6/30/2016,10,8.357,2.5346875
6/30/2016,11,8.1426,2.3475
7/7/2016,0.1,26.0149,204.03
7/7/2016,1,25.9044,190.303125
7/7/2016,2,25.1246,250.291875
7/7/2016,3,23.2979,225.321875
7/7/2016,4,20.3772,187.2375
7/7/2016,5,17.5809,152.4071875
7/7/2016,6,13.5431,95.164375
7/7/2016,7,11.2111,62.23
7/7/2016,8,9.5719,3.9553125
7/7/2016,9,8.7104,2.6665625
7/7/2016,10,8.4101,2.1465625
7/7/2016,11,8.0185,2.0915625
7/14/2016,0.1,26.9835,144.69875
7/14/2016,1,26.5884,255.1384375
7/14/2016,2,26.2121,254.20875
7/14/2016,3,24.9425,248.2909375
7/14/2016,4,21.2548,152.596875
7/14/2016,5,17.502,111.8546875
7/14/2016,6,13.0232,62.419375
7/14/2016,7,11.2343,50.045
7/14/2016,8,9.8093,2.9928125
7/14/2016,9,8.8195,2.313125
7/14/2016,10,8.5654,1.9984375
7/14/2016,11,8.2183,1.495625
7/21/2016,0.1,28.03885,194.2675
7/21/2016,1,28.0744,181.26625
7/21/2016,2,27.5861,215.2559375
7/21/2016,3,25.6366,260.1134375
7/21/2016,4,22.0068,156.9234375
7/21/2016,5,17.2642,53.8446875
7/21/2016,6,13.6919,99.8921875
7/21/2016,7,11.5132,2.565625
7/21/2016,8,9.8368,1.9875
7/21/2016,9,8.8112,1.6365625
7/21/2016,10,8.5406,1.6878125
7/21/2016,11,8.222,1.86625
7/24/2016,0.1,29.4323,267.1384375
7/24/2016,1,29.2099,265.84625
7/24/2016,2,28.371,275.7334375
7/24/2016,3,26.3451,282.2409375
7/24/2016,4,21.6842,148.85875
7/24/2016,5,17.5582,52.449375
7/24/2016,6,13.8632,167.620625
7/24/2016,7,11.4884,1.6196875
7/24/2016,8,9.618,1.455
7/24/2016,9,8.8948,1.39375
7/24/2016,10,8.515,1.198125
7/24/2016,11,8.1889,1.2040625
7/28/2016,0.1,30.1595,168.97375
7/28/2016,1,30.0816,213.043125
7/28/2016,2,29.5923,222.3140625
7/28/2016,3,25.8888,221.6725
7/28/2016,4,21.5947,84.4203125
7/28/2016,5,17.6227,33.4815625
7/28/2016,6,14.1241,101.6596875
7/28/2016,7,11.4341,3.22375
7/28/2016,8,9.5882,2.1859375
7/28/2016,9,8.8645,1.90625
7/28/2016,10,8.6185,1.7284375
7/28/2016,11,8.3452,1.75125
8/4/2016,0.1,26.4,201.25
8/4/2016,1,26.3,199.375
8/4/2016,2,26.3,196.5625
8/4/2016,3,26.3,195
8/4/2016,4,25.3,86.5625
8/4/2016,5,21.1,14.6875
8/4/2016,6,16.3,35.625
8/4/2016,7,13.3,12.1875
8/4/2016,8,11.4,10
8/4/2016,9,9.7,9.6875
8/4/2016,10,8.9,9.6875
8/4/2016,11,8.5,9.375
8/11/2016,0.1,26.8593,134.8596875
8/11/2016,1,26.8486,141.1828125
8/11/2016,2,26.7885,154.4503125
8/11/2016,3,26.594,151.8040625
8/11/2016,4,22.8739,9.946875
8/11/2016,5,18.6387,5.0565625
8/11/2016,6,14.041,1.848125
8/11/2016,7,11.7723,1.7
8/11/2016,8,10.0555,1.871875
8/11/2016,9,8.8786,1.675625
8/11/2016,10,8.552,1.6725
8/11/2016,11,8.3306,1.523125
8/18/2016,0.1,27.0012,195.505
8/18/2016,1,27.0234,185.55
8/18/2016,2,26.9861,189.12625
8/18/2016,3,27.0792,225.363125
8/18/2016,4,23.4864,36.66875
8/18/2016,5,18.2633,45.6096875
8/18/2016,6,14.0335,3.6409375
8/18/2016,7,11.7512,2.55625
8/18/2016,8,9.9001,2.4765625
8/18/2016,9,9.0542,2.35125
8/18/2016,10,8.6738,2.0953125
8/18/2016,11,8.4636,1.86375
8/23/2016,0.1,26.1061,175.363125
8/23/2016,1,26.0835,196.7946875
8/23/2016,2,25.9633,197.295
8/23/2016,3,25.6164,214.6684375
8/23/2016,4,23.4328,39.9959375
8/23/2016,5,19.2235,19.7871875
8/23/2016,6,15.004,12.014375
8/23/2016,7,11.6803,3.335
8/23/2016,8,9.9155,2.455625
8/23/2016,9,9.2921,2.230625
8/23/2016,10,8.9192,2.2390625
8/23/2016,11,8.5158,2.459375
9/6/2016,0.1,24.4416,253.0432813
9/6/2016,1,24.7741,213.199375
9/6/2016,2,24.7606,196.6271875
9/6/2016,3,24.7629,182.2190625
9/6/2016,4,24.6976,235.25
9/6/2016,5,19.2401,5.6996875
9/6/2016,6,15.2194,2.473125
9/6/2016,7,11.7998,2.069375
9/6/2016,8,9.876,1.8475
9/6/2016,9,9.1936,2.051875
9/6/2016,10,8.9355,1.9146875
9/6/2016,11,8.4327,1.6109375
9/16/2016,0.1,23.6904,172.8340625
9/16/2016,1,24.3892,193.4096875
9/16/2016,2,24.4181,200.119375
9/16/2016,3,24.5174,240.0165625
9/16/2016,4,24.19135,180.7110938
9/16/2016,5,21.5462,185.39375
9/16/2016,6,21.6585,157.93125
9/16/2016,7,12.2349,4.7875
9/16/2016,8,10.327,3.6665625
9/16/2016,9,9.3064,2.363125
9/16/2016,10,9.0233,2.5278125
9/16/2016,11,8.529,2.3825
9/17/2016,0.1,23.6446,181.304375
9/17/2016,1,24.1108,188.704375
9/17/2016,2,24.1239,187.12625
9/17/2016,3,24.1135,225.3565625
9/17/2016,4,23.3136,147.5753125
9/17/2016,5,23.3307,123.2653125
9/17/2016,6,14.7529,4.6265625
9/17/2016,7,11.8863,3.231875
9/17/2016,8,10.1613,3.878125
9/17/2016,9,9.1305,2.4246875
9/17/2016,10,8.8595,2.275
9/17/2016,11,8.5554,2.133125
9/27/2016,0.1,22.3727,165.5128125
9/27/2016,1,22.4719,163.970625
9/27/2016,2,22.4547,164.1775
9/27/2016,3,22.4143,177.6340625
9/27/2016,4,22.392,183.5290625
9/27/2016,5,20.5515,51.87
9/27/2016,6,15.2124,3.8871875
9/27/2016,7,12.0962,2.860625
9/27/2016,8,10.0974,2.3203125
9/27/2016,9,9.3846,2.356875
9/27/2016,10,9.0248,2.05375
9/27/2016,11,8.6638,1.90375
10/11/2016,0.1,16.6438,179.495
10/11/2016,1,17.3864,176.1165625
10/11/2016,2,17.4447,181.9978125
10/11/2016,3,17.4365,218.6996875
10/11/2016,4,17.4219,218.5834375
10/11/2016,5,17.3946,221.87875
10/11/2016,6,17.3118,214.823125
10/11/2016,7,16.9044,176.4515625
10/11/2016,8,12.2037,6.3378125
10/11/2016,9,10.3692,3.6371875
10/11/2016,10,9.7842,3.0109375
10/11/2016,11,9.1435,2.7665625
10/25/2016,0.1,14.9,251.25
10/25/2016,1,14.9,250.3125
10/25/2016,2,14.9,250.3125
10/25/2016,3,14.9,249.0625
10/25/2016,4,14.9,248.4375
10/25/2016,5,14.8,250.3125
10/25/2016,6,14.8,249.6875
10/25/2016,7,14.8,248.125
10/25/2016,8,14.7,236.875
10/25/2016,9,12.3,29.375
10/25/2016,10,10.2,13.4375
10/25/2016,11,9.3,12.5
11/11/2016,0.1,13.1832,217.1359375
11/11/2016,1,12.8383,225.2953125
11/11/2016,2,12.7843,251.093125
11/11/2016,3,12.7694,254.6040625
11/11/2016,4,12.7703,256.0875
11/11/2016,5,12.7665,254.83625
11/11/2016,6,12.7711,255.4665625
11/11/2016,7,12.7717,255.1290625
11/11/2016,8,12.7684,254.488125
11/11/2016,9,12.7692,254.865625
11/11/2016,10,12.7683,254.71625
11/11/2016,11,12.7498,254.3446875
3/17/2017,0.1,6.3087,299.2634375
3/17/2017,1,5.9303,302.2846875
3/17/2017,2,5.6199,308.2334375
3/17/2017,3,5.6631,290.33125
3/17/2017,4,5.604,282.875625
3/17/2017,5,5.4605,317.064375
3/17/2017,6,5.4767,282.5684375
3/17/2017,7,5.4456,281.555
3/17/2017,8,5.4093,297.175625
3/17/2017,9,5.4108,294.929375
3/17/2017,10,5.4045,296.8846875
3/17/2017,11,5.3946,293.84125
4/10/2017,0.1,13.3044,257.454375
4/10/2017,1,13.2181,260.1778125
4/10/2017,2,12.68665,233.05
4/10/2017,3,12.1952,235.5115625
4/10/2017,4,11.6176,250.0590625
4/10/2017,5,11.3089,240.7021875
4/10/2017,6,10.9622,253.405625
4/10/2017,7,10.7884,249.045625
4/10/2017,8,10.099,255.8246875
4/10/2017,9,9.064,291.8859375
4/10/2017,10,8.6244,249.3521875
4/10/2017,11,8.1627,253.5440625
5/5/2017,0.1,17.6876,276.6915625
5/5/2017,1,17.4895,276.7803125
5/5/2017,2,17.2877,275.4975
5/5/2017,3,15.4411,297.648125
5/5/2017,4,13.4176,283.24375
5/5/2017,5,12.2855,289.6090625
5/5/2017,6,11.2751,228.4684375
5/5/2017,7,10.513,155.636875
5/5/2017,8,9.0513,35.481875
5/5/2017,9,8.7279,8.3446875
5/5/2017,10,8.4378,2.3765625
5/5/2017,11,8.2339,2.1503125
5/10/2017,0.1,15.7904,222.3925
5/10/2017,1,15.6988,266.5746875
5/10/2017,2,15.6557,274.59
5/10/2017,3,15.6376,274.66875
5/10/2017,4,14.2062,241.924375
5/10/2017,5,12.3822,245.9115625
5/10/2017,6,11.06,158.0946875
5/10/2017,7,9.9571,78.465625
5/10/2017,8,9.1305,3.4690625
5/10/2017,9,8.8882,2.055625
5/10/2017,10,8.5217,1.7171875
5/10/2017,11,8.2618,1.8290625
5/18/2017,0.1,22.2,275
5/18/2017,1,21.7,277.8125
5/18/2017,2,21.1,278.125
5/18/2017,3,18,305.9375
5/18/2017,4,16.2,265.625
5/18/2017,5,14.8,206.5625
5/18/2017,6,12.9,165.625
5/18/2017,7,10.9,93.75
5/18/2017,8,9.8,20.625
5/18/2017,9,9.1,14.6875
5/18/2017,10,8.9,13.125
5/18/2017,11,8.8,11.5625
5/25/2017,0.1,19.4,286.25
5/25/2017,1,19.3,287.5
5/25/2017,2,19.1,288.125
5/25/2017,3,19.1,285.625
5/25/2017,4,18.5,284.6875
5/25/2017,5,15.1,198.4375
5/25/2017,6,12.6,115.625
5/25/2017,7,11.2,75.625
5/25/2017,8,10.5,49.375
5/25/2017,9,9.7,17.1875
5/25/2017,10,9.1,15
5/25/2017,11,8.8,14.0625
5/30/2017,0.1,22.3,281.875
5/30/2017,1,22.2,281.875
5/30/2017,2,22.1,281.875
5/30/2017,3,19,290
5/30/2017,4,17.4,250
5/30/2017,5,15.3,180.625
5/30/2017,6,13.5,120.625
5/30/2017,7,11.5,62.5
5/30/2017,8,10.2,18.75
5/30/2017,9,9.6,15.3125
5/30/2017,10,9.3,14.6875
5/30/2017,11,9,14.0625
6/1/2017,0.1,22.8,290.625
6/1/2017,1,22.4,292.8125
6/1/2017,2,22.1,292.8125
6/1/2017,3,19.5,311.25
6/1/2017,4,17.6,260.625
6/1/2017,5,14.9,170
6/1/2017,6,13.2,110.9375
6/1/2017,7,11.5,58.4375
6/1/2017,8,10.6,24.375
6/1/2017,9,9.6,16.875
6/1/2017,10,9.2,15
6/1/2017,11,9,15.3125
6/8/2017,0.1,21,286.5625
6/8/2017,1,21.1,286.25
6/8/2017,2,21,285.9375
6/8/2017,3,20.8,281.5625
6/8/2017,4,17.3,209.0625
6/8/2017,5,15.4,148.75
6/8/2017,6,12.8,55
6/8/2017,7,11.1,30.9375
6/8/2017,8,10.2,15.625
6/8/2017,9,9.7,14.6875
6/8/2017,10,9.2,14.375
6/8/2017,11,8.9,14.375
6/15/2017,0.1,27.2,255.625
6/15/2017,1,26.2,261.5625
6/15/2017,2,23.6,309.375
6/15/2017,3,21.9,290.625
6/15/2017,4,19.3,214.0625
6/15/2017,5,16,123.125
6/15/2017,6,14.1,57.8125
6/15/2017,7,12.3,31.875
6/15/2017,8,10.9,17.8125
6/15/2017,9,10.2,13.75
6/15/2017,10,9.5,13.125
6/15/2017,11,9.2,12.8125
6/22/2017,0.1,25.8,275.9375
6/22/2017,1,25.7,278.125
6/22/2017,2,25.6,279.375
6/22/2017,3,22.2,268.4375
6/22/2017,4,18.7,142.8125
6/22/2017,5,16.2,96.25
6/22/2017,6,13.3,29.6875
6/22/2017,7,11.2,14.375
6/22/2017,8,10.3,12.8125
6/22/2017,9,9.6,11.875
6/22/2017,10,9.2,11.5625
6/22/2017,11,8.9,11.875
6/29/2017,0.1,25.1,282.8125
6/29/2017,1,24.3,289.0625
6/29/2017,2,23.7,284.375
6/29/2017,3,22.4,194.0625
6/29/2017,4,19.3,45.3125
6/29/2017,5,16.2,39.0625
6/29/2017,6,12.6,14.0625
6/29/2017,7,11.3,13.125
6/29/2017,8,10.4,13.125
6/29/2017,9,9.8,13.125
6/29/2017,10,9.4,13.125
6/29/2017,11,9.2,12.8125
7/7/2017,0.1,26.1,265.3125
7/7/2017,1,26,264.6875
7/7/2017,2,25.9,265.625
7/7/2017,3,25.8,263.125
7/7/2017,4,17.4,17.1875
7/7/2017,5,14.1,13.4375
7/7/2017,6,12.3,12.5
7/7/2017,7,10.9,12.5
7/7/2017,8,9.9,12.5
7/7/2017,9,9.4,11.875
7/7/2017,10,9.1,12.1875
7/7/2017,11,9.1,12.1875
7/13/2017,0.1,31.9,262.1875
7/13/2017,1,29,269.6875
7/13/2017,2,27.4,275.625
7/13/2017,3,23.5,30.9375
7/13/2017,4,17.4,66.5625
7/13/2017,5,13.6,15.9375
7/13/2017,6,12,14.375
7/13/2017,7,10.7,13.75
7/13/2017,8,10,13.125
7/13/2017,9,9.5,13.75
7/13/2017,10,9.2,13.125
7/13/2017,11,9.2,13.125
7/20/2017,0.1,29.5,285
7/20/2017,1,29,289.0625
7/20/2017,2,28.6,282.1875
7/20/2017,3,20.7,34.0625
7/20/2017,4,15,17.1875
7/20/2017,5,12.6,13.75
7/20/2017,6,11.3,13.4375
7/20/2017,7,10.4,14.0625
7/20/2017,8,9.8,13.4375
7/20/2017,9,9.5,13.4375
7/20/2017,10,9.5,13.4375
7/20/2017,11,9.5,13.4375
7/27/2017,0.1,27,256.5625
7/27/2017,1,26.6,256.875
7/27/2017,2,26.4,247.1875
7/27/2017,3,22.3,15.625
7/27/2017,4,16.7,161.5625
7/27/2017,5,12.7,14.6875
7/27/2017,6,11.7,13.75
7/27/2017,7,10.5,13.125
7/27/2017,8,9.8,12.8125
7/27/2017,9,9.5,13.125
7/27/2017,10,9.5,13.125
7/27/2017,11,9.5,13.125
8/3/2017,0.1,25.6,263.75
8/3/2017,1,25.5,271.5625
8/3/2017,2,24.9,241.5625
8/3/2017,3,22.8,35.9375
8/3/2017,4,16.7,142.1875
8/3/2017,5,13.2,14.375
8/3/2017,6,11.3,11.5625
8/3/2017,7,10.2,11.5625
8/3/2017,8,9.8,11.5625
8/3/2017,9,9.5,11.25
8/3/2017,10,9.5,11.25
8/3/2017,11,9.5,11.25
8/10/2017,0.1,24.7,267.5
8/10/2017,1,24.6,266.5625
8/10/2017,2,24.4,228.125
8/10/2017,3,22.4,37.1875
8/10/2017,4,18.2,177.8125
8/10/2017,5,13.6,14.375
8/10/2017,6,11.7,13.125
8/10/2017,7,10.7,12.8125
8/10/2017,8,9.9,12.5
8/10/2017,9,9.5,12.5
8/10/2017,10,9.2,12.5
8/10/2017,11,9.2,12.5
8/17/2017,0.1,30.3,271.25
8/17/2017,1,27.7,285.9375
8/17/2017,2,25.5,250.3125
8/17/2017,3,23.6,40
8/17/2017,4,20.1,147.8125
8/17/2017,5,14.1,16.5625
8/17/2017,6,12,14.0625
8/17/2017,7,10.8,14.0625
8/17/2017,8,10,13.75
8/17/2017,9,9.5,13.75
8/17/2017,10,9.3,13.75
8/17/2017,11,9.3,13.75
8/24/2017,0.1,26,260.625
8/24/2017,1,26.1,261.875
8/24/2017,2,26.1,260
8/24/2017,3,23.5,46.5625
8/24/2017,4,19,102.8125
8/24/2017,5,14.5,12.5
8/24/2017,6,12.3,12.8125
8/24/2017,7,10.8,11.5625
8/24/2017,8,10.1,12.1875
8/24/2017,9,9.7,12.1875
8/24/2017,10,9.7,12.1875
8/24/2017,11,9.7,12.1875
9/5/2017,0.1,24.3,295.625
9/5/2017,1,21.9,308.125
9/5/2017,2,20.2,257.8125
9/5/2017,3,20,232.5
9/5/2017,4,19.6,189.375
9/5/2017,5,16.7,27.1875
9/5/2017,6,13.2,17.1875
9/5/2017,7,11.5,16.25
9/5/2017,8,10.4,15.625
9/5/2017,9,10,15.625
9/5/2017,10,10,15.625
9/5/2017,11,10,15.625
9/19/2017,0.1,24.6,309.0625
9/19/2017,1,24,311.5625
9/19/2017,2,19.1,246.25
9/19/2017,3,18.3,199.375
9/19/2017,4,17.8,156.875
9/19/2017,5,15.7,20
9/19/2017,6,14.1,16.25
9/19/2017,7,12.1,15
9/19/2017,8,10.6,15
9/19/2017,9,10,14.6875
9/19/2017,10,9.7,14.6875
9/19/2017,11,9.7,14.6875
10/3/2017,0.1,20.6,280.3125
10/3/2017,1,19.6,284.0625
10/3/2017,2,19.2,276.5625
10/3/2017,3,18.7,154.0625
10/3/2017,4,17.7,20
10/3/2017,5,16.2,14.0625
10/3/2017,6,13.6,13.75
10/3/2017,7,11.5,13.4375
10/3/2017,8,10.5,13.125
10/3/2017,9,10.2,13.125
10/3/2017,10,10.2,13.125
10/3/2017,11,10.2,13.125
10/17/2017,0.1,17.65,266.40625
10/17/2017,1,18.75,259.375
10/17/2017,2,18.5,259.84375
10/17/2017,3,18.15,253.59375
10/17/2017,4,18.35,188.59375
10/17/2017,5,16.8,120.625
10/17/2017,6,15.2,24.21875
10/17/2017,7,12.95,12.96875
10/17/2017,8,10.7,10.78125
10/17/2017,9,9.65,10.15625
10/17/2017,10,8.2,8.75
10/17/2017,11,7.8,8.4375
11/7/2017,0.1,12.9,241.5625
11/7/2017,1,12.5,237.8125
11/7/2017,2,12.5,237.1875
11/7/2017,3,12.4,226.875
11/7/2017,4,12.3,206.5625
11/7/2017,5,12.2,202.5
11/7/2017,6,12.1,194.0625
11/7/2017,7,12,174.0625
11/7/2017,8,11.9,155
11/7/2017,9,11.8,132.1875
11/7/2017,10,11.8,132.1875
11/7/2017,11,11.8,132.1875
5/4/2018,0.1,20.1608,279.615625
5/4/2018,1,19.6319,255.253125
5/4/2018,2,14.1327,314.209375
5/4/2018,3,12.9077,301.60625
5/4/2018,4,11.6929,272.59375
5/4/2018,5,11.1392,261.753125
5/4/2018,6,10.319,239.2125
5/4/2018,7,8.5417,196.825
5/4/2018,8,7.4292,113.875
5/4/2018,9,7.0405,79.746875
5/4/2018,10,6.9643,36.896875
5/4/2018,11,6.966,30.48125
5/11/2018,0.1,21.2754,265.1
5/11/2018,1,21.2463,264.046875
5/11/2018,2,16.7359,323.30625
5/11/2018,3,14.3863,310.321875
5/11/2018,4,12.5744,270.290625
5/11/2018,5,10.7037,213.328125
5/11/2018,6,8.8253,160.66875
5/11/2018,7,7.952,141.39375
5/11/2018,8,7.3497,48.46875
5/11/2018,9,7.2571,19.6015625
5/11/2018,10,7.162,22.3
5/11/2018,11,7.0658,3.165625
5/17/2018,0.1,22.7869,243.8125
5/17/2018,1,22.1355,279.2875
5/17/2018,2,17.6446,316.6375
5/17/2018,3,14.379,299.296875
5/17/2018,4,12.0835,224.978125
5/17/2018,5,10.3414,167.20625
5/17/2018,6,9.0406,139.503125
5/17/2018,7,8.2809,114.715625
5/17/2018,8,7.5158,11.471875
5/17/2018,9,7.2911,3.915625
5/17/2018,10,7.1824,3.478125
5/17/2018,11,7.1243,3.334375
5/24/2018,0.1,24.1644,254.8
5/24/2018,1,23.3843,301.778125
5/24/2018,2,19.2069,263.278125
5/24/2018,3,17.0613,291.675
5/24/2018,4,13.6913,249.3625
5/24/2018,5,11.6846,177.078125
5/24/2018,6,9.8702,122.525
5/24/2018,7,8.6828,72.965625
5/24/2018,8,8.0259,3.86875
5/24/2018,9,7.6289,3.321875
5/24/2018,10,7.4253,2.965625
5/24/2018,11,7.2665,2.515625
5/31/2018,0.1,24.2,272.1875
5/31/2018,1,23.6,270.3125
5/31/2018,2,22.6,291.5625
5/31/2018,3,18.8,259.6875
5/31/2018,4,15.6,267.8125
5/31/2018,5,13.3,185.625
5/31/2018,6,11.3,138.125
5/31/2018,7,10,94.0625
5/31/2018,8,8.9,51.5625
5/31/2018,9,8.1,23.4375
5/31/2018,10,8.1,23.4375
5/31/2018,11,8.1,23.4375
6/7/2018,0.1,24.1634,266.83125
6/7/2018,1,23.9017,265.5625
6/7/2018,2,22.2404,285.459375
6/7/2018,3,17.8307,279.259375
6/7/2018,4,13.9105,187.846875
6/7/2018,5,11.7835,132.58125
6/7/2018,6,9.9388,52.01875
6/7/2018,7,8.9331,10.2125
6/7/2018,8,8.0955,3.840625
6/7/2018,9,7.6518,3.39375
6/7/2018,10,7.406,2.828125
6/7/2018,11,7.3243,2.71875
6/14/2018,0.1,24.0231,275.478125
6/14/2018,1,23.8054,276.253125
6/14/2018,2,23.2138,272.0625
6/14/2018,3,17.7653,266.49375
6/14/2018,4,14.6879,169.353125
6/14/2018,5,11.9363,102.728125
6/14/2018,6,9.9903,16.040625
6/14/2018,7,9.0001,3.5625
6/14/2018,8,8.1132,2.6625
6/14/2018,9,7.6632,2.48125
6/14/2018,10,7.5088,2.403125
6/14/2018,11,7.3746,2.353125
6/21/2018,0.1,27.3768,254.265625
6/21/2018,1,27.3757,251.45
6/21/2018,2,22.9197,347.20625
6/21/2018,3,18.4661,236.159375
6/21/2018,4,14.1478,83.078125
6/21/2018,5,11.2025,13.6
6/21/2018,6,9.649,30.36875
6/21/2018,7,8.7448,3.03125
6/21/2018,8,8.2353,2.778125
6/21/2018,9,7.7686,2.603125
6/21/2018,10,7.6096,2.60625
6/21/2018,11,7.4817,2.609375
6/28/2018,0.1,24.0146,287.50625
6/28/2018,1,23.8832,288.6625
6/28/2018,2,23.8521,287.49375
6/28/2018,3,18.0766,129.49375
6/28/2018,4,13.2146,31.340625
6/28/2018,5,10.6001,4.475
6/28/2018,6,9.2363,3
6/28/2018,7,8.4106,3.009375
6/28/2018,8,7.8902,2.871875
6/28/2018,9,7.7103,2.725
6/28/2018,10,7.5609,2.709375
6/28/2018,11,7.4983,2.59375
7/5/2018,0.1,28.8929,306.221875
7/5/2018,1,26.5662,448.971875
7/5/2018,2,24.0164,329.915625
7/5/2018,3,20.7971,153.9125
7/5/2018,4,14.4274,8.665625
7/5/2018,5,12.1306,6.146875
7/5/2018,6,10.2152,4.55
7/5/2018,7,9.0532,3.778125
7/5/2018,8,8.1491,3.490625
7/5/2018,9,7.7378,2.8
7/5/2018,10,7.5689,2.8625
7/5/2018,11,7.4898,2.784375
7/12/2018,0.1,27.781,290.534375
7/12/2018,1,27.02385,326.1234375
7/12/2018,2,24.4136,356.10625
7/12/2018,3,21.0613,78.659375
7/12/2018,4,13.8385,6.2375
7/12/2018,5,10.7304,3.934375
7/12/2018,6,9.5759,3.528125
7/12/2018,7,8.735,3.3875
7/12/2018,8,8.079,3.21875
7/12/2018,9,7.7935,2.65
7/12/2018,10,7.6361,2.765625
7/12/2018,11,7.5599,2.50625
7/19/2018,0.1,27.7291,299.734375
7/19/2018,1,26.9363,313.01875
7/19/2018,2,24.9949,241.403125
7/19/2018,3,20.3683,28.340625
7/19/2018,4,14.6913,5.196875
7/19/2018,5,11.1476,2.534375
7/19/2018,6,9.5107,2.271875
7/19/2018,7,8.7066,2.159375
7/19/2018,8,8.2152,2.21875
7/19/2018,9,7.8609,1.94375
7/19/2018,10,7.7475,2.121875
7/19/2018,11,7.7485,2.121875
7/26/2018,0.1,25,291.25
7/26/2018,1,24.9,294.6875
7/26/2018,2,24.9,294.6875
7/26/2018,3,24.7,298.4375
7/26/2018,4,18.3,34.0625
7/26/2018,5,13.8,15.9375
7/26/2018,6,10.8,15.3125
7/26/2018,7,9.4,14.6875
7/26/2018,8,8.5,15
7/26/2018,9,8.2,14.375
7/26/2018,10,8.2,14.6875
7/26/2018,11,8.1,14.6875
8/2/2018,0.1,24.9483,246.1
8/2/2018,1,24.9491,250.0875
8/2/2018,2,24.6286,154.721875
8/2/2018,3,21.1985,5.425
8/2/2018,4,14.5705,4.221875
8/2/2018,5,11.3584,3.678125
8/2/2018,6,9.8869,3.315625
8/2/2018,7,8.7957,2.971875
8/2/2018,8,8.2666,2.740625
8/2/2018,9,7.96,2.759375
8/2/2018,10,7.772,2.3625
8/2/2018,11,7.7118,2.590625
8/9/2018,0.1,26.7156,276.075
8/9/2018,1,26.6418,263.896875
8/9/2018,2,26.5693,260.2125
8/9/2018,3,25.5277,5.98125
8/9/2018,4,15.9958,7.865625
8/9/2018,5,11.5296,4.20625
8/9/2018,6,9.7874,3.54375
8/9/2018,7,8.7177,2.975
8/9/2018,8,8.2891,3.265625
8/9/2018,9,8.0436,2.640625
8/9/2018,10,8.0615,2.609375
8/9/2018,11,8.0426,2.59375
8/16/2018,0.1,26.3975,303.590625
8/16/2018,1,26.2119,302.803125
8/16/2018,2,26.0628,290.959375
8/16/2018,3,22.2802,5.328125
8/16/2018,4,15.576,80.578125
8/16/2018,5,11.758,3.634375
8/16/2018,6,10.0318,2.790625
8/16/2018,7,8.9481,2.734375
8/16/2018,8,8.3786,2.33125
8/16/2018,9,8.1188,2.340625
8/16/2018,10,7.9339,2.1375
8/16/2018,11,7.8322,2.234375
8/24/2018,0.1,24.459,259.53125
8/24/2018,1,24.0558,257.565625
8/24/2018,2,23.7476,231.415625
8/24/2018,3,22.9255,123.75625
8/24/2018,4,16.7022,156.928125
8/24/2018,5,11.7924,3.715625
8/24/2018,6,9.9281,2.8
8/24/2018,7,9.0685,2.5
8/24/2018,8,8.3744,2.553125
8/24/2018,9,8.1703,2.0875
8/24/2018,10,7.9196,2.36875
8/24/2018,11,7.9189,2.121875
9/7/2018,0.1,28.8,277.5
9/7/2018,1,27.8,284.0625
9/7/2018,2,27.2,274.375
9/7/2018,3,25.6,242.5
9/7/2018,4,20.9,62.5
9/7/2018,5,13.9,17.5
9/7/2018,6,11.2,15.3125
9/7/2018,7,9.8,15.3125
9/7/2018,8,8.9,15.3125
9/7/2018,9,8.2,15
9/7/2018,10,8.1,15
9/7/2018,11,8,15.3125
9/21/2018,0.1,23.7267,263.8125
9/21/2018,1,23.42185,261.859375
9/21/2018,2,22.8312,244.628125
9/21/2018,3,22.0699,192.321875
9/21/2018,4,19.6708,29.240625
9/21/2018,5,14.0119,4.025
9/21/2018,6,10.6472,3.48125
9/21/2018,7,9.2243,2.7625
9/21/2018,8,8.4536,2.6
9/21/2018,9,8.2817,2.43125
9/21/2018,10,8.1627,2.28125
9/21/2018,11,8.1312,2.1625
10/5/2018,0.1,23.2075,267.96875
10/5/2018,1,22.3365,278.909375
10/5/2018,2,21.7038,270.6625
10/5/2018,3,21.1651,251.775
10/5/2018,4,19.874,29.228125
10/5/2018,5,15.9417,4.171875
10/5/2018,6,11.9443,3.2875
10/5/2018,7,9.9465,3.05
10/5/2018,8,8.9968,2.95
10/5/2018,9,8.6717,2.784375
10/5/2018,10,8.324,2.421875
10/5/2018,11,8.2599,2.4
10/19/2018,0.1,16.1376,235.584375
10/19/2018,1,15.9487,227.8
10/19/2018,2,15.9041,224.6375
10/19/2018,3,15.8748,222.18125
10/19/2018,4,15.846,218.825
10/19/2018,5,15.765,217.953125
10/19/2018,6,15.5502,185.509375
10/19/2018,7,11.4588,8.5125
10/19/2018,8,9.7038,5.334375
10/19/2018,9,9.0327,4
10/19/2018,10,8.6042,3.609375
10/19/2018,11,8.6042,3.609375
10/29/2018,0.1,8.3,320.625
10/29/2018,1,8.2,318.75
10/29/2018,2,8.2,318.75
10/29/2018,3,8.2,317.8125
10/29/2018,4,8.2,317.8125
10/29/2018,5,8.2,315.9375
10/29/2018,6,8.2,314.6875
10/29/2018,7,8.2,314.6875
10/29/2018,8,8.2,314.375
10/29/2018,9,8.1,313.75
10/29/2018,10,8.1,312.8125
10/29/2018,11,8.1,313.125
11/2/2018,0.1,12.7664,269.796875
11/2/2018,1,12.51585,251.94375
11/2/2018,2,12.3985,248.384375
11/2/2018,3,11.6921,226.96875
11/2/2018,4,11.5219,222.375
11/2/2018,5,11.4186,211.809375
11/2/2018,6,11.3256,205.1375
11/2/2018,7,11.1668,187.428125
11/2/2018,8,11.0697,171.725
11/2/2018,9,10.92,145.95625
11/2/2018,10,10.3567,-3.446875
11/2/2018,11,9.0659,6.09375
11/16/2018,0.1,8.2848,296.75625
11/16/2018,1,8.2697,297.1625
11/16/2018,2,8.2591,296.5625
11/16/2018,3,8.2497,296.115625
11/16/2018,4,8.1688,295.05
11/16/2018,5,8.1458,296.265625
11/16/2018,6,8.1436,296.278125
11/16/2018,7,8.1454,295.29375
11/16/2018,8,8.1503,295.2375
11/16/2018,9,8.1308,295.4
11/16/2018,10,8.1111,295.49375
11/16/2018,11,8.1482,118.565625
12/6/2018,0.1,4.5625,357.459375
12/6/2018,1,4.5167,358.25625
12/6/2018,2,4.4991,357.384375
12/6/2018,3,4.4756,358.384375
12/6/2018,4,4.4497,356.375
12/6/2018,5,4.4576,356.96875
12/6/2018,6,4.4586,357.828125
12/6/2018,7,4.4537,357.8625
12/6/2018,8,4.4441,357.13125
12/6/2018,9,4.4487,356.68125
12/6/2018,10,4.4223,357.903125
12/6/2018,11,4.4207,357.1375
4/8/2019,0.1,14.4,366.25
4/8/2019,1,13.8,370.9375
4/8/2019,2,13,373.125
4/8/2019,3,12.2,376.25
4/8/2019,4,10.4,388.125
4/8/2019,5,9.9,381.875
4/8/2019,6,9.3,373.75
4/8/2019,7,8.8,364.375
4/8/2019,8,8.1,329.0625
4/8/2019,9,7.9,307.5
4/8/2019,10,7.7,302.1875
4/8/2019,11,7.7,287.8125
4/29/2019,0.1,16.5,330
4/29/2019,1,16.1,336.25
4/29/2019,2,15.8,338.125
4/29/2019,3,15.4,339.6875
4/29/2019,4,14.3,344.375
4/29/2019,5,13.5,346.875
4/29/2019,6,11.6,357.8125
4/29/2019,7,10.2,321.875
4/29/2019,8,9.3,212.5
4/29/2019,9,8.5,141.5625
4/29/2019,10,8.3,121.25
4/29/2019,11,8.2,116.5625
5/16/2019,0.1,19.6,286.875
5/16/2019,1,19.4,285
5/16/2019,2,19.2,285.3125
5/16/2019,3,18.8,286.5625
5/16/2019,4,18.7,285.9375
5/16/2019,5,12.6,347.1875
5/16/2019,6,11,360.3125
5/16/2019,7,10.4,367.5
5/16/2019,8,9.7,305
5/16/2019,9,8.6,30.9375
5/16/2019,10,8.2,20.3125
5/16/2019,11,8,18.75
5/23/2019,0.1,23.3,316.25
5/23/2019,1,22.9,319.6875
5/23/2019,2,22.7,318.125
5/23/2019,3,21.6,341.25
5/23/2019,4,18,325.3125
5/23/2019,5,15.7,345.9375
5/23/2019,6,12.2,411.5625
5/23/2019,7,10.2,428.125
5/23/2019,8,9.2,56.25
5/23/2019,9,8.6,27.1875
5/23/2019,10,8.3,22.8125
5/23/2019,11,8.2,20.9375
5/30/2019,0.1,26.5,261.875
5/30/2019,1,26.3,262.1875
5/30/2019,2,26,259.375
5/30/2019,3,23.7,292.1875
5/30/2019,4,20.7,291.5625
5/30/2019,5,15.4,318.75
5/30/2019,6,12.5,357.8125
5/30/2019,7,10.5,337.1875
5/30/2019,8,9.2,27.5
5/30/2019,9,8.7,22.5
5/30/2019,10,8.4,20.3125
5/30/2019,11,8.2,18.4375
6/6/2019,0.1,23.7,289.0625
6/6/2019,1,23.5,291.5625
6/6/2019,2,23.5,290.625
6/6/2019,3,23.5,291.875
6/6/2019,4,23.5,290.9375
6/6/2019,5,16.5,324.375
6/6/2019,6,12.3,386.25
6/6/2019,7,10.6,376.5625
6/6/2019,8,9.4,28.125
6/6/2019,9,9,22.5
6/6/2019,10,9,20.625
6/6/2019,11,8.9,19.0625
6/13/2019,0.1,22.0338,240.375
6/13/2019,1,21.8025,242.49375
6/13/2019,2,21.7258,241.428125
6/13/2019,3,21.6697,243.55
6/13/2019,4,19.1898,248.115625
6/13/2019,5,14.0136,310.3875
6/13/2019,6,11.0518,271.8625
6/13/2019,7,9.8247,1.99375
6/13/2019,8,9.0093,4.621875
6/13/2019,9,8.6427,3.744790625
6/13/2019,10,8.3423,3.35
6/13/2019,11,8.2068,3.00625
6/20/2019,0.1,24.5528,243.596875
6/20/2019,1,24.5424,242.65625
6/20/2019,2,24.5389,243.665625
6/20/2019,3,21.3957,238.521875
6/20/2019,4,19.6865,227.090625
6/20/2019,5,13.8699,295.515625
6/20/2019,6,11.8558,259.053125
6/20/2019,7,10.4964,123.875
6/20/2019,8,9.3545,7.5
6/20/2019,9,8.7157,4.434375
6/20/2019,10,8.4439,3.74375
6/20/2019,11,8.4439,3.74375
6/27/2019,0.1,25.754,258.471875
6/27/2019,1,25.206,258.76875
6/27/2019,2,24.5361,266.821875
6/27/2019,3,23.6103,262.865625
6/27/2019,4,20.2927,249.640625
6/27/2019,5,16.2889,294.878125
6/27/2019,6,12.4535,308.5125
6/27/2019,7,10.595,6.334375
6/27/2019,8,9.1857,3.4875
6/27/2019,9,8.7199,2.834375
6/27/2019,10,8.5338,2.453125
6/27/2019,11,8.4502,2.33125
7/3/2019,0.1,26.4945,216.51875
7/3/2019,1,26.4769,184.46875
7/3/2019,2,26.3908,194.640625
7/3/2019,3,26.3421,224.065625
7/3/2019,4,20.8327,224.85
7/3/2019,5,15.4214,253.4875
7/3/2019,6,12.6982,245.2875
7/3/2019,7,10.7655,2.95
7/3/2019,8,9.3728,4.196875
7/3/2019,9,8.8494,2.98125
7/3/2019,10,8.5416,2.653125
7/3/2019,11,8.4797,2.53125
7/10/2019,0.1,28.1836,138.809375
7/10/2019,1,27.571,240.215625
7/10/2019,2,27.3902,232.45625
7/10/2019,3,25.7954,223.903125
7/10/2019,4,21.1236,195.30625
7/10/2019,5,16.0932,229.971875
7/10/2019,6,12.5341,161.8375
7/10/2019,7,10.4709,5.803125
7/10/2019,8,9.3041,3.73125
7/10/2019,9,8.7907,2.4125
7/10/2019,10,8.5525,3.290625
7/10/2019,11,8.4297,2.671875
7/11/2019,0.1,25.7117,201.659375
7/11/2019,1,27.3463,232.66875
7/11/2019,2,27.4726,182.55
7/11/2019,3,25.9175,217.09375
7/11/2019,4,21.2108,189.4125
7/11/2019,5,16.8678,220.428125
7/11/2019,6,12.7866,168.9083438
7/11/2019,7,10.5685,2.796875
7/11/2019,8,9.2661,3.921875
7/11/2019,9,8.74105,2.75625
7/11/2019,10,8.4707,2.484375
7/11/2019,11,8.4528,1.9875
7/18/2019,0.1,27.6706,273.24375
7/18/2019,1,27.591,275.975
7/18/2019,2,25.0011,402.659375
7/18/2019,3,18.1694,361.309375
7/18/2019,4,14.0794,103.3
7/18/2019,5,11.2025,168.25
7/18/2019,6,11.1798,171.675
7/18/2019,7,11.1791,172.865625
7/18/2019,8,11.1855,172.7375
7/18/2019,9,11.148,172.2125
7/18/2019,10,11.1828,171.7375
7/18/2019,11,11.1828,171.7375
7/24/2019,0.1,26.0561,216.465625
7/24/2019,1,25.8679,217.03125
7/24/2019,2,25.8065,214.728125
7/24/2019,3,25.7339,217.490625
7/24/2019,4,21.4965,183.91875
7/24/2019,5,16.9726,90.3375
7/24/2019,6,13.6798,4.371875
7/24/2019,7,10.9503,3.878125
7/24/2019,8,9.4404,3.3375
7/24/2019,9,8.9183,2.990625
7/24/2019,10,8.6066,2.615625
7/24/2019,11,8.60355,2.65625
8/1/2019,0.1,27.0254,226.45
8/1/2019,1,26.7379,226.534375
8/1/2019,2,26.5792,223.828125
8/1/2019,3,25.6507,196.025
8/1/2019,4,22.8162,129.390625
8/1/2019,5,18.0686,37.165625
8/1/2019,6,13.4571,3.025
8/1/2019,7,11.3305,2.878125
8/1/2019,8,9.6165,2.4875
8/1/2019,9,8.97,2.36875
8/1/2019,10,8.769,2.11875
8/1/2019,11,8.714,2.05625
8/8/2019,0.1,26.9442,206.471875
8/8/2019,1,26.8879,168.25
8/8/2019,2,26.7993,231.2875
8/8/2019,3,26.6975,215.925
8/8/2019,4,22.7142,11.846875
8/8/2019,5,18.4449,2.971875
8/8/2019,6,13.5378,2.590625
8/8/2019,7,11.206,2.365625
8/8/2019,8,9.6973,2.240625
8/8/2019,9,9.1156,2.128125
8/8/2019,10,8.7824,2.23125
8/8/2019,11,8.924788,1.967830938
8/14/2019,0.1,27.4883,231.746875
8/14/2019,1,27.3864,233.740625
8/14/2019,2,27.2494,234.696875
8/14/2019,3,26.9558,230.88125
8/14/2019,4,22.0459,15.096875
8/14/2019,5,17.7435,3.54375
8/14/2019,6,14.0387,2.6125
8/14/2019,7,11.6069,2.465625
8/14/2019,8,10.0269,2.18125
8/14/2019,9,9.2186,2.075
8/14/2019,10,8.8182,1.79375
8/14/2019,11,8.8042,1.92625
8/22/2019,0.1,30.1973,232.740625
8/22/2019,1,29.5234,222.221875
8/22/2019,2,28.6986,212.196875
8/22/2019,3,28.6148,193.91875
8/22/2019,4,27.4215,185.003125
8/22/2019,5,18.5487,0.3125
8/22/2019,6,15.3216,4.825
8/22/2019,7,12.1771,6.778125
8/22/2019,8,10.3736,5.990625
8/22/2019,9,9.3787,4.415625
8/22/2019,10,8.975,3.546875
8/22/2019,11,8.8714,3.021875
9/4/2019,0.1,27,276.875
9/4/2019,1,26.2,281.5625
9/4/2019,2,25.6,277.5
9/4/2019,3,24.5,270.3125
9/4/2019,4,23.6,180
9/4/2019,5,22.1,24.0625
9/4/2019,6,17.7,16.25
9/4/2019,7,14.5,15.9375
9/4/2019,8,11.2,16.5625
9/4/2019,9,9.9,16.5625
9/4/2019,10,9.4,16.875
9/4/2019,11,9,16.875
9/20/2019,0.1,23.7523,167.99375
9/20/2019,1,23.3826,124.734375
9/20/2019,2,23.0575,132.209375
9/20/2019,3,22.843,145.603125
9/20/2019,4,22.4368,129.275
9/20/2019,5,18.8374,4.2625
9/20/2019,6,14.4786,3.44375
9/20/2019,7,11.3465,2.659375
9/20/2019,8,10.0938,2.353125
9/20/2019,9,9.4688,1.946875
9/20/2019,10,9.1319,1.96875
9/20/2019,11,9.12375,1.8234375
10/4/2019,0.1,25.4039,183.44375
10/4/2019,1,25.1493,184.8125
10/4/2019,2,24.774,181.478125
10/4/2019,3,22.5303,76.146875
10/4/2019,4,21.2242,4.6625
10/4/2019,5,16.6822,1.603125
10/4/2019,6,14.278,1.59375
10/4/2019,7,11.3261,1.715625
10/4/2019,8,10.0712,1.278125
10/4/2019,9,9.4669,1.3625
10/4/2019,10,9.2809,1.28125
10/4/2019,11,9.388525,1.24765625
10/7/2019,0.1,21.5671,148.603125
10/7/2019,1,21.3515,136.125
10/7/2019,2,21.3259,133.446875
10/7/2019,3,21.2095,146.85625
10/7/2019,4,20.9557,110.86875
10/7/2019,5,16.8248,2.253125
10/7/2019,6,13.9193,1.703125
10/7/2019,7,11.0672,1.528125
10/7/2019,8,10.0061,1.3875
10/7/2019,9,9.5091,1.36875
10/7/2019,10,9.2377,1.36875
10/7/2019,11,9.2377,1.36875
10/18/2019,0.1,15.549,119.609375
10/18/2019,1,15.4716,157.190625
10/18/2019,2,15.4268,156.6125
10/18/2019,3,15.4186,156.80625
10/18/2019,4,15.3841,157.5125
10/18/2019,5,15.376,156.8625
10/18/2019,6,15.3327,157.10625
10/18/2019,7,14.2056,156.278125
10/18/2019,8,9.8909,4.16875
10/18/2019,9,9.538,3.528125
10/18/2019,10,9.3056,2.95
10/18/2019,11,9.3056,2.95
10/28/2019,0.1,14.8336,165.271875
10/28/2019,1,14.7953,168.653125
10/28/2019,2,14.6984,161.68125
10/28/2019,3,14.5723,152.50625
10/28/2019,4,14.5014,149.984375
10/28/2019,5,14.2945,135.3875
10/28/2019,6,14.1368,122.903125
10/28/2019,7,13.8396,88.078125
10/28/2019,8,11.6501,3.071875
10/28/2019,9,9.6618,2.028125
10/28/2019,10,9.3228,1.734375
10/28/2019,11,9.3228,1.734375
11/15/2019,0.1,8.1456,211.14375
11/15/2019,1,8.1309,211.41875
11/15/2019,2,8.1249,210.446875
11/15/2019,3,8.1219,210.49375
11/15/2019,4,8.1032,210.346875
11/15/2019,5,8.0794,208.471875
11/15/2019,6,8.075,208.6625
11/15/2019,7,8.0743,208.784375
11/15/2019,8,8.072,209.265625
11/15/2019,9,8.0578,208.79375
11/15/2019,10,8.06375,206.7765625
11/15/2019,11,8.06375,206.7765625
12/6/2019,0.1,5.0639,254.55625
12/6/2019,1,5.0431,254.865625
12/6/2019,2,5.0569,255.221875
12/6/2019,3,5.0465,254.95625
12/6/2019,4,5.0178,255.1125
12/6/2019,5,5.0222,255.71875
12/6/2019,6,5.0074,254.175
12/6/2019,7,5.004,253.903125
12/6/2019,8,4.9793,254.821875
12/6/2019,9,4.9815,253.70625
12/6/2019,10,4.9797,253.85
12/6/2019,11,4.9797,253.85
